Market,Code,Issue Name,Industry Classfication,Current Price(Close Price),Change,Market Cap.(KRW)
KOSDAQ,206650,EuBio,Other Services,"4,220",170,"102,258,980,920"
KOSDAQ,215600,SillaJen,Other Services,"10,500",-150,"663,567,334,500"
KOSDAQ,900300,ORGANIC TEA COSMETICS,Other Services,"4,755",185,"270,678,375,000"
KOSDAQ,216050,Incross,Other Services,"44,900","1,150","131,962,671,500"
KOSDAQ,900290,GRT,Other Services,"4,430",5,"298,471,250,000"
KOSDAQ,900280,Golden Century,Other Services,"4,890",-190,"145,722,000,000"
KOSDAQ,072990,HCT,Other Services,"12,500",-100,"57,249,175,000"
KOSDAQ,950140,Englewood Lab(Reg.S),Other Services,"9,500",-290,"183,978,463,000"
KOSDAQ,204840,GLPT,Other Services,"2,555",5,"77,208,811,715"
KOSDAQ,900270,HENG SHENG GROUP,Other Services,"2,680",25,"214,400,000,000"
KOSDAQ,230360,ECHO,Other Services,"19,600",150,"159,319,991,600"
KOSDAQ,142760,BLS,Other Services,"6,140",40,"75,855,463,400"
KOSDAQ,900260,Rothwell,Other Services,"2,605",-15,"236,485,156,250"
KOSDAQ,144510,Green Cross Lab Cell,Other Services,"27,000",-200,"284,959,458,000"
KOSDAQ,180400,MG MED,Other Services,"38,700",450,"90,912,066,300"
KOSDAQ,094850,Very Good Leisure,Other Services,"10,200",-50,"142,800,000,000"
KOSDAQ,225330,CMS Edu,Other Services,"27,100",-400,"114,529,532,200"
KOSDAQ,115180,Qurient,Other Services,"24,150",750,"174,538,377,300"
KOSDAQ,900250,Crystal New Material,Other Services,"3,475",65,"214,139,129,225"
KOSDAQ,217730,KANGSTEM BIOTECH,Other Services,"9,930",-30,"141,369,934,500"
KOSDAQ,047920,C-TRI,Other Services,"5,580",80,"66,067,294,860"
KOSDAQ,133750,MegaMD,Other Services,"5,060",90,"113,185,080,580"
KOSDAQ,185490,Eyegene,Other Services,"9,630",-110,"96,656,310,000"
KOSDAQ,215200,megastudyEdu,Other Services,"47,950",-700,"111,453,829,200"
KOSDAQ,141080,LegoChem Bio,Other Services,"27,550",-350,"273,880,252,850"
KOSDAQ,066430,Y-OPTICS MANUFACTURE,Other Services,"1,535",0,"48,166,597,685"
KOSDAQ,001000,SillaTextile,Other Services,"2,440",-25,"59,237,197,600"
KOSDAQ,187220,DTNC,Other Services,"9,610",-110,"94,697,458,940"
KOSDAQ,084650,LabGen,Other Services,"10,350",50,"88,322,749,650"
KOSDAQ,196170,Alteogen,Other Services,"28,800",150,"181,243,152,000"
KOSDAQ,043910,NNE,Other Services,"3,315",765,"72,762,118,455"
KOSDAQ,090850,Ezwel,Other Services,"6,830",-70,"67,569,190,000"
KOSDAQ,168330,NaturalendoTech,Other Services,"16,150",600,"314,544,376,800"
KOSDAQ,089600,Nasmedia,Other Services,"36,650",550,"320,859,425,150"
KOSDAQ,054800,IDIS Holdings,Other Services,"14,750",100,"152,629,401,000"
KOSDAQ,045100,HANYANG ENG,Other Services,"10,500",50,"189,000,000,000"
KOSDAQ,057030,YBM NET,Other Services,"4,945",150,"80,666,286,665"
KOSDAQ,037350,SUNGDO ENG,Other Services,"6,350",90,"98,234,500,000"
KOSDAQ,036420,Jcontentree,Other Services,"3,860",-115,"440,306,270,520"
KOSDAQ,035610,SOLBORN,Other Services,"4,825",-35,"131,944,435,525"
KOSDAQ,028080,HUMAX Holdings,Other Services,"6,730",90,"84,646,615,380"
KOSDAQ,024660,HARIM HOLDINGS,Other Services,"4,175",-25,"372,231,268,250"
KOSDAQ,022100,POSCO ICT,Other Services,"6,180",50,"939,574,625,220"
KOSDAQ,140410,Mezzion Pharma,Other Services,"20,550",300,"167,646,900,000"
KOSDAQ,127120,DNALINK,Other Services,"5,970",-70,"37,482,621,120"
KOSDAQ,130580,NICE D&B,Other Services,"6,030",30,"92,862,000,000"
KOSDAQ,123570,EMNET,Other Services,"4,830",160,"53,796,728,370"
KOSDAQ,900180,WANLI,Other Services,"1,240",-10,"127,109,313,640"
KOSDAQ,032860,GMR Materials,Other Services,812,4,"48,686,578,080"
KOSDAQ,900070,GSMT,Other Services,"2,030",10,"108,418,132,410"
KOSDAQ,900120,CKH,Other Services,"1,720",-65,"189,895,666,040"
KOSDAQ,900040,CGS,Other Services,"1,350",5,"154,474,897,500"
KOSDAQ,900130,WAYPORT,Other Services,"1,020",-25,"56,997,600,000"
KOSDAQ,900110,East Asia Holdings,Other Services,934,1,"72,739,602,440"
KOSDAQ,900080,S&C Engine,Other Services,"1,210",-5,"116,623,604,240"
KOSDAQ,900090,China Hao Ran,Other Services,"1,430",-10,"77,220,000,000"
KOSDAQ,046120,Orbitech,Other Services,"4,355",-125,"56,067,485,045"
KOSDAQ,109820,GENEMATRIX,Other Services,"4,220",-45,"43,108,452,060"
KOSDAQ,095700,Genexine,Other Services,"39,400",850,"700,928,639,800"
KOSDAQ,060240,LONGTU KOREA,Other Services,"9,690",40,"181,883,199,240"
KOSDAQ,067630,HLBLS,Other Services,"5,750",50,"136,124,574,250"
KOSDAQ,092130,e-Credible,Other Services,"12,650",0,"152,351,540,000"
KOSDAQ,096240,Chungdahm,Other Services,"17,700",200,"122,157,930,600"
KOSDAQ,040420,jls,Other Services,"7,840",-40,"122,912,007,680"
KOSDAQ,035080,Interpark Holdings,Other Services,"4,780",30,"279,630,000,000"
KOSDAQ,045970,CoAsia Holdings,Other Services,"6,060",-10,"97,096,356,060"
KOSDAQ,080160,MODETOUR,Other Services,"35,000",100,"441,000,000,000"
KOSDAQ,039310,SEJOONG,Other Services,"4,650",-40,"84,265,751,550"
KOSDAQ,038390,RedcapTour,Other Services,"17,150",150,"147,309,582,000"
KOSDAQ,020710,SIGONG TECH,Other Services,"6,190",20,"124,096,934,300"
KOSDAQ,086040,Biotoxtech,Other Services,"6,540",-120,"94,304,334,420"
KOSDAQ,042420,NEOWIZ HOLDINDS,Other Services,"16,300",-200,"144,366,915,800"
KOSDAQ,083790,CRYSTAL,Other Services,"15,800",50,"408,919,973,800"
KOSDAQ,084990,ViroMed,Other Services,"93,500","-1,600","1,491,910,310,000"
KOSDAQ,067900,Y-ENTEC,Other Services,"3,660",-100,"65,304,658,980"
KOSDAQ,050540,MPC,Other Services,"4,335",-220,"90,032,778,345"
KOSDAQ,072870,megastudy,Other Services,"33,900",0,"136,152,264,900"
KOSDAQ,029960,KOENTEC,Other Services,"3,000",110,"150,000,000,000"
KOSDAQ,068930,Digital DS,Other Services,"3,820",-115,"84,922,316,860"
KOSDAQ,060150,INSUN ENT,Other Services,"6,070",220,"207,498,081,860"
KOSDAQ,034950,KR,Other Services,"42,550",250,"193,198,870,700"
KOSDAQ,049720,KORYOINFO,Other Services,"2,605",10,"37,251,500,000"
KOSDAQ,054930,Yooshin,Other Services,"15,000",200,"45,000,000,000"
KOSDAQ,039830,AURORA,Other Services,"9,500",-190,"102,247,455,000"
KOSDAQ,038290,Macrogen,Other Services,"28,800",-350,"258,366,009,600"
KOSDAQ,037440,HEERIM,Other Services,"4,995",-25,"69,542,762,625"
KOSDAQ,036120,SCI,Other Services,"1,480",50,"52,540,000,000"
KOSDAQ,034810,HaeSung,Other Services,"13,700",0,"133,986,000,000"
KOSDAQ,032040,C&S ASSET MANAGEMENT,Other Services,"2,390",-115,"68,246,069,990"
KOSDAQ,030190,NICE INFO,Other Services,"7,010",-20,"425,610,888,200"
KOSDAQ,010470,ORICOM,Other Services,"6,710",-130,"77,156,612,500"
KOSDAQ,099830,SEG,"Recreation,Culture",795,-25,"72,391,251,510"
KOSDAQ,048550,SM C&C,"Recreation,Culture","2,265",25,"157,491,230,280"
KOSDAQ,036260,IMAGINE ASIA,"Recreation,Culture","1,990",-10,"49,570,993,530"
KOSDAQ,206560,Dexter studios,"Recreation,Culture","7,210",-100,"157,061,262,890"
KOSDAQ,204630,Huayi Brothers,"Recreation,Culture","4,025",50,"111,085,109,625"
KOSDAQ,035480,Majestar,"Recreation,Culture","2,325",-55,"105,587,847,600"
KOSDAQ,032800,Fantagio,"Recreation,Culture","1,305",-100,"65,156,226,615"
KOSDAQ,182360,CUBEENT,"Recreation,Culture","2,035",10,"54,077,615,845"
KOSDAQ,160550,NEW,"Recreation,Culture","9,020",-50,"247,203,076,120"
KOSDAQ,173940,FNC Ent.,"Recreation,Culture","7,470",-20,"107,305,653,600"
KOSDAQ,060300,REDROVER,"Recreation,Culture","5,460",-40,"232,798,025,460"
KOSDAQ,054780,KEYEAST,"Recreation,Culture","2,400",25,"185,888,325,600"
KOSDAQ,046140,SBS Contents Hub,"Recreation,Culture","8,040",50,"172,566,982,200"
KOSDAQ,041510,S.M.,"Recreation,Culture","24,250",-950,"527,574,827,750"
KOSDAQ,035900,JYP Ent.,"Recreation,Culture","5,130",-150,"174,640,651,560"
KOSDAQ,122870,YG Entertainment,"Recreation,Culture","27,000",-650,"446,163,633,000"
KOSDAQ,058420,J way,"Recreation,Culture","2,660",5,"28,462,292,600"
KOSDAQ,046390,SAMHWA NWS,"Recreation,Culture","1,555",-50,"66,527,460,815"
KOSDAQ,047820,CHOROKBAEM,"Recreation,Culture","1,645",-25,"84,772,137,030"
KOSDAQ,086980,SHOWBOX,"Recreation,Culture","5,390",-330,"337,414,000,000"
KOSDAQ,068050,PAN ENTERTAINMENT,"Recreation,Culture","4,460",-130,"45,182,110,280"
KOSDAQ,025980,Emerson,"Recreation,Culture","31,450",-650,"517,798,555,350"
KOSDAQ,048910,DAEWON MEDIA,"Recreation,Culture","6,610",-240,"83,146,833,060"
KOSDAQ,034230,Paradise,"Recreation,Culture","15,500",200,"1,409,611,416,000"
KOSDAQ,073560,WOORISON F&G,Agriculture & Forestry,"2,210",-20,"153,015,191,030"
KOSDAQ,054050,N.W BIO,Agriculture & Forestry,"16,100",-50,"230,230,000,000"
KOSDAQ,225530,BoKwang Industry,Mining & Quarrying,"9,770",770,"336,771,900,000"
KOSDAQ,151860,KG ETS,"Electricity, Gas and  Water supply","3,455",5,"124,380,000,000"
KOSDAQ,053050,GSE,"Electricity, Gas and  Water supply","1,975",-15,"55,419,521,075"
KOSDAQ,094820,ILJIN POWER,Construction,"5,010",-90,"75,544,332,090"
KOSDAQ,078940,ILKYUNG,Construction,"1,685",-40,"50,718,105,710"
KOSDAQ,044180,KD E&C,Construction,450,-10,"113,618,787,300"
KOSDAQ,068150,K&C Global,Construction,116,-84,"8,874,872,204"
KOSDAQ,038870,EcoBio Holdings,Construction,"9,420",-80,"100,953,584,220"
KOSDAQ,066620,KUKBO DESIGN,Construction,"16,100",-50,"120,750,000,000"
KOSDAQ,054940,EXA E&C,Construction,"1,825",-30,"60,541,725,100"
KOSDAQ,091590,"Nam Hwa Const Co., Ltd.",Construction,"5,770",40,"67,739,800,000"
KOSDAQ,046940,Woowon Development,Construction,"4,530",30,"66,367,181,760"
KOSDAQ,042940,LENECO,Construction,"2,015",-10,"29,527,483,570"
KOSDAQ,060370,KT Submarine,Construction,"4,790",35,"104,901,000,000"
KOSDAQ,036190,GEUMHWA PSC,Construction,"37,200",50,"223,200,000,000"
KOSDAQ,035890,SEOHEE CONSTRUCTION,Construction,"1,330",-5,"212,716,476,000"
KOSDAQ,026150,TSConstruct,Construction,"4,850",120,"48,474,847,900"
KOSDAQ,025950,DongshinE&C,Construction,"7,100",50,"59,640,000,000"
KOSDAQ,021320,KCC,Construction,"8,950",230,"191,530,000,000"
KOSDAQ,017000,ShinwonConst,Construction,"5,980",160,"60,206,801,460"
KOSDAQ,016250,eTEC,Construction,"139,100","1,100","389,480,000,000"
KOSDAQ,013120,Dongwon,Construction,"4,330",30,"393,199,073,000"
KOSDAQ,011560,SEBO MEC,Construction,"7,880",70,"82,976,400,000"
KOSDAQ,011370,Seohan,Construction,"2,140",-20,"215,915,011,100"
KOSDAQ,002290,SAMIL ENTERPRISE,Construction,"3,280",-70,"40,672,000,000"
KOSDAQ,001840,Eehwa,Construction,"4,050",810,"80,213,328,000"
KOSDAQ,219550,HKI,Distribution,"2,415",-5,"131,451,517,050"
KOSDAQ,140070,SurplusGLOBAL,Distribution,"7,210",210,"133,341,740,000"
KOSDAQ,220630,Haimarrow,Distribution,"1,825",-5,"166,525,824,275"
KOSDAQ,141020,Fortis,Distribution,"1,815",-135,"42,384,596,925"
KOSDAQ,007720,DAEMYUNG CORPORATION,Distribution,"1,685",5,"169,848,758,250"
KOSDAQ,142210,Unitrontech,Distribution,"9,280",-110,"92,168,496,000"
KOSDAQ,214450,PRP,Distribution,"37,700",-100,"356,876,380,900"
KOSDAQ,074430,AMINOLOGICS,Distribution,"2,865",160,"251,623,908,060"
KOSDAQ,043220,HLB POWER,Distribution,"2,200",0,"83,115,617,200"
KOSDAQ,037370,EG,Distribution,"9,340",10,"70,050,000,000"
KOSDAQ,083550,KM,Distribution,"5,900",-20,"57,695,616,200"
KOSDAQ,043580,Aimhigh,Distribution,"4,050",-80,"103,114,336,500"
KOSDAQ,039980,LEENOS,Distribution,"3,965",165,"142,724,746,645"
KOSDAQ,023430,IE,Distribution,528,-8,"153,496,805,616"
KOSDAQ,108790,Interpark,Distribution,"8,960",-190,"296,035,532,800"
KOSDAQ,065420,SI,Distribution,"1,225",0,"61,300,953,875"
KOSDAQ,051780,CUROHOLDINGS,Distribution,"1,485",40,"89,386,934,670"
KOSDAQ,033430,"KORID, Inc.",Distribution,503,0,"46,518,139,170"
KOSDAQ,159580,0TO7,Distribution,"8,960",-160,"110,118,400,000"
KOSDAQ,032685,SOFTCEN(1P),Distribution,"18,900",-200,"2,699,997,300"
KOSDAQ,032680,SOFTCEN,Distribution,"2,150",-45,"66,177,559,000"
KOSDAQ,058370,GS Tech,Distribution,"1,485",-15,"38,875,348,710"
KOSDAQ,038620,WIZ,Distribution,"2,950",185,"98,986,946,150"
KOSDAQ,038340,REGEN,Distribution,720,0,"39,383,243,280"
KOSDAQ,031860,NSN,Distribution,"3,325",25,"58,407,495,300"
KOSDAQ,016920,Cas,Distribution,"2,365",-45,"38,251,774,880"
KOSDAQ,131220,DAIHAN Scientific,Distribution,"6,820",-150,"48,805,836,420"
KOSDAQ,900100,New Pride,Distribution,"3,280",45,"162,260,757,040"
KOSDAQ,065650,Medifron DBT,Distribution,"3,960",-15,"105,253,287,480"
KOSDAQ,060280,CUREXO,Distribution,"5,030",20,"135,582,975,980"
KOSDAQ,065150,MPK,Distribution,"1,935",-30,"156,364,267,545"
KOSDAQ,067990,DEUTSCH MOTORS INC.,Distribution,"5,250",30,"137,882,367,000"
KOSDAQ,099220,SDN,Distribution,"1,415",10,"49,764,255,275"
KOSDAQ,036620,VirtualTek,Distribution,"2,305",60,"40,046,890,210"
KOSDAQ,036180,YOUNG IN F.T,Distribution,"4,975",-65,"87,561,696,475"
KOSDAQ,043090,PharmswellBio,Distribution,"3,625",-290,"89,106,056,125"
KOSDAQ,065170,NEXT BT,Distribution,"2,055",80,"81,670,510,755"
KOSDAQ,063170,Seoul Auction,Distribution,"10,700",-250,"181,017,250,000"
KOSDAQ,069920,ISE Commerce,Distribution,"4,090",55,"104,352,640,370"
KOSDAQ,039740,KIES,Distribution,"5,250",-180,"42,096,584,250"
KOSDAQ,024950,SAMCHULY,Distribution,"14,500",100,"192,466,866,500"
KOSDAQ,093520,MAKUS,Distribution,"3,570",-100,"57,702,238,440"
KOSDAQ,038070,SeouLin,Distribution,"12,800",-100,"76,440,243,200"
KOSDAQ,033320,JC HYUN SYSTEMS,Distribution,"6,610",-30,"126,346,395,520"
KOSDAQ,032940,WonIk,Distribution,"5,840",10,"73,785,082,880"
KOSDAQ,050120,LIVEPLEX,Distribution,"1,820",-25,"75,751,179,140"
KOSDAQ,031310,EYESVISION,Distribution,"4,020",-10,"63,405,747,480"
KOSDAQ,060590,CTC BIO,Distribution,"9,540",-10,"167,189,768,820"
KOSDAQ,051380,PCD,Distribution,"4,085",-80,"30,801,455,560"
KOSDAQ,013990,AGABANG&CO,Distribution,"7,180",-140,"236,132,508,480"
KOSDAQ,054630,ADChips,Distribution,"2,955",10,"33,702,037,995"
KOSDAQ,051500,CJ FW,Distribution,"32,050",-200,"380,484,331,300"
KOSDAQ,032190,DAOU DATA,Distribution,"10,900",0,"417,470,000,000"
KOSDAQ,031330,SAMT,Distribution,"1,815",-10,"181,491,046,605"
KOSDAQ,024060,Heungu,Distribution,"3,140",-30,"47,100,000,000"
KOSDAQ,019010,GRAND DEPT,Distribution,"12,450",-250,"60,009,000,000"
KOSDAQ,016670,Pobis TNC,Distribution,"2,665",15,"106,808,024,570"
KOSDAQ,014190,WONIK CUBE Corp.,Distribution,"2,485",5,"68,088,766,410"
KOSDAQ,012700,LEADCORP,Distribution,"6,970",0,"186,442,133,100"
KOSDAQ,006730,Seobu T&D,Distribution,"17,200",-50,"590,514,958,000"
KOSDAQ,000440,JA Enervis,Distribution,"32,650",-100,"40,663,158,900"
KOSDAQ,018700,Barunson,Hotels and Restaurants,"11,550",-200,"160,590,045,000"
KOSDAQ,052300,W Holding Company,Transportation,653,1,"68,774,613,000"
KOSDAQ,032280,SamIl,Transportation,"2,665",-85,"43,209,217,350"
KOSDAQ,024800,YOOSUNG T&S,Transportation,"5,530",50,"125,659,489,550"
KOSDAQ,003100,SUN KWANG,Transportation,"18,500",-100,"122,100,000,000"
KOSDAQ,257730,Shinhan 3rd SPAC,Financials,"1,995",65,"6,992,475,000"
KOSDAQ,256840,NH SPAC XI,Financials,"1,920",-15,"13,113,600,000"
KOSDAQ,241520,DSC Investment,Financials,"5,050",-330,"88,375,000,000"
KOSDAQ,246690,TSInvestment,Financials,"4,010",-220,"89,908,226,040"
KOSDAQ,254120,IBKS No.5 SPAC,Financials,"1,995",-10,"8,977,500,000"
KOSDAQ,232330,SK NO.3 SPAC,Financials,"1,925",-5,"6,930,000,000"
KOSDAQ,252500,IBKSGMB SPAC,Financials,"2,005",5,"10,656,575,000"
KOSDAQ,250930,KB No.10 SPAC,Financials,"1,935",10,"10,081,350,000"
KOSDAQ,250060,HanaFinancial8thSPAC,Financials,"1,965",50,"12,579,930,000"
KOSDAQ,242040,Kyobo BNK SPAC,Financials,"1,945",0,"13,828,950,000"
KOSDAQ,038160,PAXNET,Financials,"8,280",-90,"91,721,873,880"
KOSDAQ,240540,Korea No.4 SPAC,Financials,"1,950",0,"10,725,000,000"
KOSDAQ,239340,M-5 SPAC,Financials,"1,985",-5,"9,528,000,000"
KOSDAQ,235010,HI AI 1 SPAC,Financials,"1,940",25,"9,603,000,000"
KOSDAQ,232270,KB No.9 SPAC,Financials,"1,940",0,"26,802,458,000"
KOSDAQ,232140,Daishin Balance II,Financials,"2,995",0,"31,806,900,000"
KOSDAQ,230490,DONGBU SPAC IV,Financials,"1,940",0,"10,282,000,000"
KOSDAQ,230240,Hana Financial Seventh SPAC,Financials,"1,930",10,"15,440,000,000"
KOSDAQ,227950,Goldenbridge SPAC 4,Financials,"1,930",0,"14,571,500,000"
KOSDAQ,226340,HMCIBNo.3SPAC,Financials,"1,940",0,"12,610,000,000"
KOSDAQ,226850,Kiwoom No.4 SPAC,Financials,"1,940",5,"19,795,760,000"
KOSDAQ,226360,Hyundai 4th SPAC,Financials,"1,930",0,"10,257,950,000"
KOSDAQ,225440,EBEST SPAC3,Financials,"1,945",5,"7,974,500,000"
KOSDAQ,225430,IBKS No.3 SPAC,Financials,"2,005",0,"9,022,500,000"
KOSDAQ,226440,DONGBU SPAC III,Financials,"1,935",0,"8,610,750,000"
KOSDAQ,225590,SHT-2 SPAC,Financials,"1,940",-5,"9,903,700,000"
KOSDAQ,225570,NH SPAC IX,Financials,"1,980",0,"17,919,000,000"
KOSDAQ,221200,EUGENE SPAC III,Financials,"1,955",20,"13,196,250,000"
KOSDAQ,223040,Kyobo 5 SPAC,Financials,"1,965",10,"10,669,950,000"
KOSDAQ,221950,Huyndai 3rd SPAC,Financials,"1,950",10,"13,289,250,000"
KOSDAQ,222390,KB No.8 SPAC,Financials,"1,955",10,"20,156,050,000"
KOSDAQ,220260,CAPE-ES SPAC,Financials,"2,100",20,"6,342,000,000"
KOSDAQ,219860,HA SPAC 2,Financials,"1,945",10,"13,854,235,000"
KOSDAQ,219960,Yuanta 2 SPAC,Financials,"1,960",0,"12,740,000,000"
KOSDAQ,218710,Kiwoom No.3 SPAC,Financials,"1,955",20,"13,098,500,000"
KOSDAQ,219580,Goldenbridge SPAC III,Financials,"1,960",-5,"9,604,000,000"
KOSDAQ,218410,NH SPAC VIII,Financials,"1,945",0,"13,284,350,000"
KOSDAQ,217600,Ebest SPAC 2,Financials,"2,000",5,"14,000,000,000"
KOSDAQ,218150,Hana Must 5th SPAC,Financials,"1,995",20,"7,042,350,000"
KOSDAQ,217500,HI-3 SPAC,Financials,"1,950",15,"9,262,500,000"
KOSDAQ,217810,NH SPAC VII,Financials,"1,945",-15,"9,394,350,000"
KOSDAQ,217620,Hanwha ACPC SPAC,Financials,"1,955",15,"14,564,750,000"
KOSDAQ,215750,M-3 SPAC,Financials,"1,995",5,"12,169,500,000"
KOSDAQ,215580,DAEWOO SPAC 3,Financials,"1,965",-15,"10,630,650,000"
KOSDAQ,215380,Hanwha MGI SPAC,Financials,"2,050",5,"11,275,000,000"
KOSDAQ,215480,DAEWOO SBI SPAC 1,Financials,"3,475",45,"12,284,125,000"
KOSDAQ,215790,NH SPAC V,Financials,"2,200",60,"15,400,000,000"
KOSDAQ,023460,CNH,Financials,"1,475",10,"54,870,000,000"
KOSDAQ,215090,Eugene ACPC SPAC2,Financials,"1,965",0,"10,807,500,000"
KOSDAQ,215100,Hana Must Fourth SPAC,Financials,"2,030",-5,"5,684,000,000"
KOSDAQ,214150,KTB SPAC 2,Financials,"1,970",5,"10,835,000,000"
KOSDAQ,207930,SK No.1 SPAC,Financials,"1,970",-10,"10,835,000,000"
KOSDAQ,206660,Goldenbridge SPAC 2,Financials,"1,990",0,"7,761,000,000"
KOSDAQ,208870,Hana Must Third SPAC,Financials,"2,080",25,"4,908,800,000"
KOSDAQ,208140,JUNGDAWN,Financials,"2,790",65,"57,250,308,960"
KOSDAQ,207720,NH SL SPAC,Financials,"2,050",-5,"5,135,250,000"
KOSDAQ,205470,HI-2 SPAC,Financials,"2,045",5,"11,554,250,000"
KOSDAQ,204650,KTB SPAC 1,Financials,"2,020",15,"11,110,000,000"
KOSDAQ,204620,Yuanta 1 SPAC,Financials,"2,010",0,"12,060,000,000"
KOSDAQ,204760,Hyundai Able SPAC 1,Financials,"2,020",10,"11,160,500,000"
KOSDAQ,204440,DAEWOO SPAC 2,Financials,"2,020",-5,"11,615,000,000"
KOSDAQ,198440,NH SPAC III,Financials,"2,035",5,"14,245,000,000"
KOSDAQ,078020,eBEST IS,Financials,"11,000",50,"445,293,090,000"
KOSDAQ,041190,WTIC,Financials,659,-6,"55,356,000,000"
KOSDAQ,027830,Daesung PE,Financials,"2,350",-35,"94,000,000,000"
KOSDAQ,023760,HKCapital,Financials,825,39,"138,772,900,200"
KOSDAQ,021880,MASON CAPITAL,Financials,784,-26,"57,441,914,432"
KOSDAQ,021080,Atinum Investment,Financials,"2,065",10,"99,120,000,000"
KOSDAQ,019660,GLOBON,Financials,"4,320",-40,"120,964,523,040"
KOSDAQ,019590,MVENTURE,Financials,343,-3,"37,673,938,708"
KOSDAQ,019570,GIC,Financials,"1,075",55,"43,000,000,000"
KOSDAQ,019550,SBI Investment KOREA,Financials,579,-12,"93,836,546,925"
KOSDAQ,016600,QCP,Financials,"1,085",20,"102,311,217,505"
KOSDAQ,007330,PUREUN S.BK.,Financials,"6,540",100,"98,641,512,000"
KOSDAQ,130960,CJ E&M,Telecom & Broadcasting,"78,100","2,300","3,024,976,150,900"
KOSDAQ,039290,InfoBank,Telecom & Broadcasting,"12,000",0,"104,327,736,000"
KOSDAQ,122450,KMH,Telecom & Broadcasting,"8,100",-70,"109,136,929,500"
KOSDAQ,033830,TBC,Telecom & Broadcasting,"7,450",-100,"74,500,000,000"
KOSDAQ,058400,KNN,Telecom & Broadcasting,"1,195",-70,"158,253,515,400"
KOSDAQ,115310,INFOvine,Telecom & Broadcasting,"26,550",0,"82,667,991,600"
KOSDAQ,036630,SEJONG TELECOM,Telecom & Broadcasting,921,-10,"276,600,362,046"
KOSDAQ,063570,NICE TCM,Telecom & Broadcasting,"6,260",-30,"162,853,956,340"
KOSDAQ,039340,WOW,Telecom & Broadcasting,"4,250",155,"97,750,000,000"
KOSDAQ,066790,CCS,Telecom & Broadcasting,891,-7,"70,512,244,011"
KOSDAQ,065530,KRTnet,Telecom & Broadcasting,"15,100",150,"79,818,600,000"
KOSDAQ,039420,KL-Net,Telecom & Broadcasting,"2,735",15,"66,063,186,550"
KOSDAQ,052600,HANNET,Telecom & Broadcasting,"3,955",30,"45,734,433,500"
KOSDAQ,040300,YTN,Telecom & Broadcasting,"2,440",0,"102,480,000,000"
KOSDAQ,036800,NICEI&T,Telecom & Broadcasting,"27,500",-50,"275,000,000,000"
KOSDAQ,035760,CJOS,Telecom & Broadcasting,"193,900","2,900","1,205,188,940,200"
KOSDAQ,028150,GSHS,Telecom & Broadcasting,"215,700","-1,200","1,415,531,250,000"
KOSDAQ,025770,KICC,Telecom & Broadcasting,"10,550",200,"409,474,438,650"
KOSDAQ,087260,MA,IT S/W & Services,"8,650",880,"129,750,000,000"
KOSDAQ,201490,Me2on,IT S/W & Services,"12,050",350,"363,019,770,100"
KOSDAQ,195440,Fusion,IT S/W & Services,"14,100",-100,"47,422,530,000"
KOSDAQ,220180,HANDYSOFT,IT S/W & Services,"7,480",90,"55,793,387,320"
KOSDAQ,208860,EnGIS Technologies,IT S/W & Services,"18,150",-450,"56,758,317,000"
KOSDAQ,222810,NICSTECH,IT S/W & Services,"2,335",20,"35,583,532,000"
KOSDAQ,206400,Entermate,IT S/W & Services,"4,045",-65,"110,003,920,620"
KOSDAQ,223310,ESV,IT S/W & Services,"15,500",-300,"102,724,700,000"
KOSDAQ,213090,MIRAE TECH,IT S/W & Services,"8,990",-20,"49,445,000,000"
KOSDAQ,207760,Mr. Blue,IT S/W & Services,"3,520",15,"85,046,558,080"
KOSDAQ,192080,DoubleUGames,IT S/W & Services,"41,650",-250,"724,034,228,750"
KOSDAQ,205500,Action Square,IT S/W & Services,"6,220",10,"155,123,229,720"
KOSDAQ,094360,C&M,IT S/W & Services,"12,300",250,"89,040,831,600"
KOSDAQ,127710,ASIA BUSINESS DAILY,IT S/W & Services,"3,815",-45,"96,305,974,450"
KOSDAQ,067730,LOGISYS,IT S/W & Services,"4,790",-125,"44,743,016,380"
KOSDAQ,214180,Minwise,IT S/W & Services,"32,450",550,"192,860,539,300"
KOSDAQ,205100,XM,IT S/W & Services,"3,400",-20,"101,756,736,800"
KOSDAQ,184230,SGA Solutions,IT S/W & Services,"2,680",75,"68,757,908,480"
KOSDAQ,215000,GOLFZON,IT S/W & Services,"67,500",900,"423,590,512,500"
KOSDAQ,189690,FORCS,IT S/W & Services,"7,480",-10,"51,147,462,080"
KOSDAQ,124500,ITCEN,IT S/W & Services,"3,445",215,"32,239,109,240"
KOSDAQ,194510,PATI Games,IT S/W & Services,"9,210",-110,"111,827,709,480"
KOSDAQ,192250,Ksign,IT S/W & Services,"2,125",5,"130,637,292,625"
KOSDAQ,194480,Devsisters,IT S/W & Services,"14,000",50,"155,247,330,000"
KOSDAQ,042510,RaonSecure,IT S/W & Services,"2,745",-15,"87,317,384,940"
KOSDAQ,053300,KICA,IT S/W & Services,"6,530",170,"203,507,450,000"
KOSDAQ,131370,RSUPPORT,IT S/W & Services,"2,185",0,"116,388,576,355"
KOSDAQ,085810,Alticast,IT S/W & Services,"4,280",-40,"90,835,124,800"
KOSDAQ,123420,SundayToz,IT S/W & Services,"21,950",150,"210,058,031,900"
KOSDAQ,150900,FASOO.COM,IT S/W & Services,"5,370",-50,"43,726,272,150"
KOSDAQ,153460,NABLE,IT S/W & Services,"5,910",20,"38,592,382,740"
KOSDAQ,038540,TexcelNetCom,IT S/W & Services,"8,150",0,"381,353,789,400"
KOSDAQ,026260,Botabio,IT S/W & Services,"1,420",0,"42,554,136,840"
KOSDAQ,143240,SaraminHR,IT S/W & Services,"17,350",150,"201,854,463,050"
KOSDAQ,131090,SECUVE,IT S/W & Services,"5,380",-100,"36,584,000,000"
KOSDAQ,139670,NexStreaming,IT S/W & Services,"5,460",-60,"38,312,334,060"
KOSDAQ,139050,Kyung Bong,IT S/W & Services,"2,885",15,"58,129,028,350"
KOSDAQ,121440,GOLFZONYUWONHOLDINGS,IT S/W & Services,"6,650",20,"284,864,839,700"
KOSDAQ,136540,Wins,IT S/W & Services,"12,800",50,"144,706,956,800"
KOSDAQ,089150,KCT,IT S/W & Services,"3,520",-30,"60,368,000,000"
KOSDAQ,093320,KINX,IT S/W & Services,"14,150",0,"69,052,000,000"
KOSDAQ,119860,DANAWA,IT S/W & Services,"6,860",-30,"89,693,278,920"
KOSDAQ,041460,Crosscert,IT S/W & Services,"6,210",0,"133,261,936,290"
KOSDAQ,067920,IGLOO SECURITY,IT S/W & Services,"4,520",-15,"46,231,680,960"
KOSDAQ,111820,CHEOUM & C,IT S/W & Services,"7,870",-100,"151,690,543,230"
KOSDAQ,089850,UBIVELOX,IT S/W & Services,"10,150",-150,"72,224,324,550"
KOSDAQ,070300,Solacia,IT S/W & Services,"6,140",0,"37,859,694,360"
KOSDAQ,079970,TOBESOFT,IT S/W & Services,"6,610",-100,"91,151,047,310"
KOSDAQ,071200,INFINITT Healthcare,IT S/W & Services,"6,690",-50,"163,212,304,020"
KOSDAQ,100030,Mobileleader,IT S/W & Services,"11,250",-50,"36,941,782,500"
KOSDAQ,035620,Barunson E&A,IT S/W & Services,"3,100",20,"208,192,571,400"
KOSDAQ,030350,Dragonfly,IT S/W & Services,"7,750",0,"114,406,298,250"
KOSDAQ,115500,KCS,IT S/W & Services,"6,240",-240,"74,880,000,000"
KOSDAQ,115450,G-treeBNT,IT S/W & Services,"16,350",-250,"372,133,063,200"
KOSDAQ,112040,Wemade,IT S/W & Services,"28,750",550,"483,000,000,000"
KOSDAQ,108860,SELVAS AI,IT S/W & Services,"3,890",45,"85,797,626,050"
KOSDAQ,104200,BUGS Corporation,IT S/W & Services,"10,250",-150,"151,982,387,500"
KOSDAQ,049470,SGA,IT S/W & Services,"1,125",-10,"96,236,637,750"
KOSDAQ,063080,GAMEVIL,IT S/W & Services,"58,000",900,"378,297,808,000"
KOSDAQ,041140,Nexon GT,IT S/W & Services,"9,030",60,"319,421,097,660"
KOSDAQ,101730,Joymax,IT S/W & Services,"8,820",-10,"75,016,163,880"
KOSDAQ,058630,Mgame,IT S/W & Services,"5,700",190,"108,914,175,000"
KOSDAQ,094840,Suprema HQ,IT S/W & Services,"7,980",-10,"83,565,283,200"
KOSDAQ,047560,ESTsoft,IT S/W & Services,"8,120",-80,"80,383,128,000"
KOSDAQ,064480,BRIDGETEC,IT S/W & Services,"7,230",-40,"86,416,575,000"
KOSDAQ,067000,JoyCity,IT S/W & Services,"20,000",-200,"235,667,900,000"
KOSDAQ,053280,YES24,IT S/W & Services,"5,750",-10,"98,900,000,000"
KOSDAQ,081970,HansolNexG,IT S/W & Services,"5,120",70,"29,491,200,000"
KOSDAQ,072770,Neodian Technology,IT S/W & Services,"1,405",15,"42,585,104,615"
KOSDAQ,094480,GalaxiaComms,IT S/W & Services,"4,120",-155,"134,697,397,160"
KOSDAQ,078340,C2S,IT S/W & Services,"109,500","1,400","1,408,872,990,000"
KOSDAQ,095660,NeoWiz Games,IT S/W & Services,"11,900",450,"260,788,595,200"
KOSDAQ,069410,nTels,IT S/W & Services,"14,250",0,"98,313,984,750"
KOSDAQ,053110,SORIBADA,IT S/W & Services,"1,435",-60,"62,065,978,555"
KOSDAQ,094860,KORNIC GLORY,IT S/W & Services,920,-80,"43,840,817,040"
KOSDAQ,067280,Multicampus,IT S/W & Services,"37,450",200,"221,957,873,550"
KOSDAQ,086960,MDS Tech,IT S/W & Services,"20,450",100,"180,483,683,600"
KOSDAQ,078860,IOK,IT S/W & Services,673,-7,"79,169,764,935"
KOSDAQ,043610,KT Music,IT S/W & Services,"3,780",25,"158,056,288,740"
KOSDAQ,046110,HANIL NETWORKS,IT S/W & Services,"4,930",-170,"58,934,339,110"
KOSDAQ,041020,INFRAWARE,IT S/W & Services,"1,850",-20,"34,443,596,000"
KOSDAQ,079940,GABIA,IT S/W & Services,"6,080",-30,"82,296,958,720"
KOSDAQ,080010,eSANG,IT S/W & Services,"7,370",20,"66,330,000,000"
KOSDAQ,075130,PLANTYNET,IT S/W & Services,"6,540",70,"58,598,400,000"
KOSDAQ,052220,iMBC,IT S/W & Services,"3,785",-35,"87,055,000,000"
KOSDAQ,052460,iCRAFT,IT S/W & Services,"6,730",20,"54,203,204,640"
KOSDAQ,046440,KGMBLS,IT S/W & Services,"7,030",-50,"145,601,289,630"
KOSDAQ,064260,DANAL,IT S/W & Services,"5,300",-10,"224,817,684,300"
KOSDAQ,070590,Hansol Intic,IT S/W & Services,"2,775",-10,"38,515,670,775"
KOSDAQ,067160,AfreecaTV,IT S/W & Services,"22,150",-150,"240,808,531,550"
KOSDAQ,066410,Candle Media,IT S/W & Services,"1,335",-25,"82,330,695,555"
KOSDAQ,065560,Cubes,IT S/W & Services,"2,165",-65,"58,954,673,340"
KOSDAQ,069080,Webzen,IT S/W & Services,"20,600",800,"727,404,210,400"
KOSDAQ,050320,SIT Global,IT S/W & Services,644,0,"32,512,794,020"
KOSDAQ,023770,PLAYWITH,IT S/W & Services,"10,550",0,"32,446,197,950"
KOSDAQ,065440,ELUON,IT S/W & Services,"2,725",-70,"41,624,429,500"
KOSDAQ,035600,KGINICIS,IT S/W & Services,"11,300",300,"300,354,915,300"
KOSDAQ,064800,FEELINGK,IT S/W & Services,"3,975",285,"150,061,715,625"
KOSDAQ,052770,ydonline,IT S/W & Services,"4,080",-125,"91,821,726,000"
KOSDAQ,045340,TSB,IT S/W & Services,"3,325",-50,"28,455,483,000"
KOSDAQ,057680,Omnitel,IT S/W & Services,"3,355",55,"61,671,368,440"
KOSDAQ,051160,GAEASOFT,IT S/W & Services,"1,730",70,"22,178,641,520"
KOSDAQ,053980,OSANGJAIEL,IT S/W & Services,"9,150",50,"162,393,120,300"
KOSDAQ,047080,HBS,IT S/W & Services,"4,965",50,"122,996,599,485"
KOSDAQ,042500,RingNet,IT S/W & Services,"4,165",-35,"61,587,346,870"
KOSDAQ,040350,CUROCOM,IT S/W & Services,"2,240",-60,"208,385,199,680"
KOSDAQ,060250,NHN KCP,IT S/W & Services,"13,150",-150,"241,226,795,450"
KOSDAQ,054920,Hancom Secure,IT S/W & Services,"3,785",0,"47,350,410,560"
KOSDAQ,053800,AHNLAB,IT S/W & Services,"64,900",-500,"649,899,189,500"
KOSDAQ,053350,INITECH,IT S/W & Services,"6,740",-10,"133,390,773,840"
KOSDAQ,052790,ACTOZ SOFT,IT S/W & Services,"21,350","2,150","241,909,121,300"
KOSDAQ,052400,KONA I,IT S/W & Services,"10,600",100,"164,926,650,800"
KOSDAQ,052190,ESA,IT S/W & Services,"5,350",10,"44,302,290,700"
KOSDAQ,049480,Openbase,IT S/W & Services,"3,885",-75,"122,075,957,955"
KOSDAQ,045510,ZWNS,IT S/W & Services,"2,300",-50,"74,081,371,600"
KOSDAQ,045390,DAEATI,IT S/W & Services,"1,910",-35,"135,899,407,020"
KOSDAQ,040160,NURI Telecom,IT S/W & Services,"9,150",-10,"110,308,145,250"
KOSDAQ,038680,SNET,IT S/W & Services,"5,640",-100,"90,664,212,600"
KOSDAQ,036030,KTH,IT S/W & Services,"7,350",-20,"262,505,411,700"
KOSDAQ,035720,Kakao,IT S/W & Services,"85,400",-400,"5,778,519,093,200"
KOSDAQ,033230,INSUNG,IT S/W & Services,"3,840",-145,"65,147,980,800"
KOSDAQ,033130,DChosun,IT S/W & Services,"2,745",-110,"101,881,407,915"
KOSDAQ,032850,BITComputer,IT S/W & Services,"5,200",-80,"86,441,123,600"
KOSDAQ,032620,UBCARE,IT S/W & Services,"3,500",-15,"141,002,645,000"
KOSDAQ,030520,HANCOM,IT S/W & Services,"16,450",250,"379,702,370,950"
KOSDAQ,026180,HIT,IT S/W & Services,"1,830",0,"108,953,066,850"
KOSDAQ,020180,DIC,IT S/W & Services,"1,885",-135,"72,438,504,775"
KOSDAQ,010280,SICC,IT S/W & Services,"2,165",-30,"87,604,633,610"
KOSDAQ,241790,OCEANBRIDGE,IT H/W,"10,800",200,"98,549,784,000"
KOSDAQ,176440,HNT,IT H/W,"9,860",40,"66,072,846,000"
KOSDAQ,123010,OptoPAC,IT H/W,"5,540",110,"26,356,505,680"
KOSDAQ,174880,JangWon,IT H/W,"9,960",140,"60,208,200,000"
KOSDAQ,148250,RN2 Technologies,IT H/W,"5,650",50,"35,758,522,300"
KOSDAQ,240810,WONIK IPS,IT H/W,"22,400",-100,"924,524,966,400"
KOSDAQ,101390,IM,IT H/W,"4,090",70,"92,319,516,810"
KOSDAQ,211270,APSI,IT H/W,"8,310",0,"124,773,021,240"
KOSDAQ,226350,IMTECH,IT H/W,"6,780",-130,"115,059,990,000"
KOSDAQ,224060,KODI-M,IT H/W,"1,870",-125,"126,252,376,800"
KOSDAQ,191410,RYUK-IL C&S,IT H/W,"6,750",-50,"57,530,115,000"
KOSDAQ,122640,YEST,IT H/W,"24,800",0,"107,317,560,800"
KOSDAQ,208710,BIOLOG DEVICE,IT H/W,"2,875",95,"78,782,222,000"
KOSDAQ,197210,LEED,IT H/W,"9,740",240,"58,494,524,520"
KOSDAQ,127160,MM,IT H/W,"4,695",95,"29,212,876,875"
KOSDAQ,190510,NAMUGA,IT H/W,"46,100",-350,"156,007,609,300"
KOSDAQ,092870,EXICON,IT H/W,"9,670",0,"85,903,445,000"
KOSDAQ,214870,HDPRO,IT H/W,"11,350",-150,"66,771,073,900"
KOSDAQ,219130,TigerElec,IT H/W,"5,130",-70,"32,392,307,700"
KOSDAQ,217190,Genesem,IT H/W,"4,705",30,"41,258,963,670"
KOSDAQ,175140,INFOMARK,IT H/W,"15,850",100,"56,445,146,800"
KOSDAQ,224110,ATEC T&,IT H/W,"9,200",130,"49,128,000,000"
KOSDAQ,131760,FINETEK,IT H/W,"9,300",0,"90,209,972,100"
KOSDAQ,222800,SIMMTECH,IT H/W,"10,900",250,"243,357,836,300"
KOSDAQ,178780,U-Tech,IT H/W,"8,730",160,"88,702,038,000"
KOSDAQ,094170,DONGWOON ANATECH,IT H/W,"10,350",0,"62,006,850,000"
KOSDAQ,214310,Semicon Light,IT H/W,"1,870",-30,"85,320,620,000"
KOSDAQ,177350,Vessel,IT H/W,"5,890",-100,"65,923,047,520"
KOSDAQ,160980,CYMECHS,IT H/W,"16,600",-100,"90,152,325,800"
KOSDAQ,087600,Pixelplus,IT H/W,"14,600",-400,"119,231,746,800"
KOSDAQ,060230,exax,IT H/W,"1,750",-30,"54,587,034,250"
KOSDAQ,046310,BG T&A,IT H/W,"4,845",-80,"69,350,118,750"
KOSDAQ,213420,DUK SAN NEOLUX,IT H/W,"24,600",450,"295,391,142,000"
KOSDAQ,193250,YJM Games,IT H/W,"5,530",-130,"250,255,145,350"
KOSDAQ,200470,HISEM,IT H/W,"3,065",-5,"53,802,029,200"
KOSDAQ,080580,OKins,IT H/W,"4,685",-30,"29,047,000,000"
KOSDAQ,200710,ADTechnology,IT H/W,"5,820",-80,"47,413,794,000"
KOSDAQ,200230,TELCON,IT H/W,"5,060",-240,"293,969,656,200"
KOSDAQ,192440,Spigen Korea,IT H/W,"53,600",500,"333,197,056,800"
KOSDAQ,182690,TerraSem,IT H/W,"2,770",25,"38,686,761,800"
KOSDAQ,143540,YWDSP,IT H/W,"9,390",30,"114,412,135,740"
KOSDAQ,192410,GNI,IT H/W,"8,800",0,"31,769,760,000"
KOSDAQ,187270,Shin Hwa Contech,IT H/W,"8,800",240,"70,827,794,400"
KOSDAQ,059120,AJINEXTEK,IT H/W,"7,170",-70,"40,367,100,000"
KOSDAQ,096040,E-TRON,IT H/W,420,-8,"76,169,467,920"
KOSDAQ,052420,OSUNG LST,IT H/W,940,5,"191,718,245,200"
KOSDAQ,138080,OE Solutions,IT H/W,"15,800",-150,"81,837,838,000"
KOSDAQ,154040,Solueta,IT H/W,"6,180",-30,"68,143,868,880"
KOSDAQ,049080,GIGALANE,IT H/W,"4,780",-60,"84,627,132,380"
KOSDAQ,134580,DMT,IT H/W,"3,830",-10,"43,087,500,000"
KOSDAQ,171010,RAM TECH,IT H/W,"4,270",-90,"48,605,264,820"
KOSDAQ,161570,Midong & Cinema,IT H/W,"5,700",-300,"78,613,180,200"
KOSDAQ,076610,Haesung Optics,IT H/W,"5,540",-50,"92,379,500,000"
KOSDAQ,131970,TESNA,IT H/W,"14,750",-150,"101,037,500,000"
KOSDAQ,170920,LTC,IT H/W,"11,600",-150,"87,231,338,800"
KOSDAQ,170790,Piolink,IT H/W,"7,850",-120,"53,822,190,500"
KOSDAQ,097800,Winpac,IT H/W,"2,220",-45,"37,942,503,960"
KOSDAQ,155960,GD,IT H/W,"4,315",170,"78,507,774,510"
KOSDAQ,114810,IONES,IT H/W,"15,750",200,"165,305,164,500"
KOSDAQ,153490,WOOREE E&L,IT H/W,"1,225",-40,"61,127,500,000"
KOSDAQ,159910,MBK,IT H/W,"1,070",20,"79,012,861,720"
KOSDAQ,046970,WOORIRO,IT H/W,"2,360",-100,"44,103,592,680"
KOSDAQ,155650,YMC,IT H/W,"11,050",750,"109,009,277,650"
KOSDAQ,149950,AVATEC,IT H/W,"6,590",30,"102,853,425,000"
KOSDAQ,121850,KOYJ,IT H/W,"4,370",80,"43,420,953,650"
KOSDAQ,149940,Modacom,IT H/W,"10,000",-100,"131,400,930,000"
KOSDAQ,151910,NANOS,IT H/W,"1,695",0,"163,433,378,040"
KOSDAQ,060310,3S KOREA,IT H/W,"2,580",0,"108,293,276,040"
KOSDAQ,097520,MCNEX,IT H/W,"21,550",-400,"193,911,597,900"
KOSDAQ,141000,Viatron,IT H/W,"20,300",-400,"245,928,613,000"
KOSDAQ,096630,S Connect,IT H/W,"2,900",-25,"189,270,599,600"
KOSDAQ,086520,ECOPRO,IT H/W,"12,200",100,"260,636,493,400"
KOSDAQ,052020,STCUBE,IT H/W,"5,110",-60,"131,233,139,520"
KOSDAQ,072950,VISSEM,IT H/W,"5,990",0,"35,940,000,000"
KOSDAQ,104830,WIMCO,IT H/W,"59,100",800,"369,126,780,000"
KOSDAQ,123260,STC,IT H/W,"4,560",-140,"37,974,626,640"
KOSDAQ,121800,Seven Star Works,IT H/W,"5,060",-210,"93,880,047,140"
KOSDAQ,089530,AT semicon,IT H/W,943,-12,"56,284,117,719"
KOSDAQ,089030,Techwing,IT H/W,"12,400",-200,"224,239,975,600"
KOSDAQ,115530,CNPLUS,IT H/W,"2,555",-45,"13,141,420,215"
KOSDAQ,123100,TERA SEMICON,IT H/W,"23,650",150,"267,335,816,000"
KOSDAQ,143160,IDIS,IT H/W,"9,520",-60,"102,020,032,800"
KOSDAQ,040910,ICD,IT H/W,"14,250",-100,"234,421,962,000"
KOSDAQ,109080,OPTICIS,IT H/W,"6,600",50,"37,197,600,000"
KOSDAQ,131100,Leechem,IT H/W,"1,725",-25,"28,532,158,950"
KOSDAQ,138690,LIS,IT H/W,"11,500",100,"155,795,491,000"
KOSDAQ,052290,TRAIS,IT H/W,"2,125",20,"95,411,879,500"
KOSDAQ,131180,DILLI,IT H/W,"2,135",50,"62,662,250,000"
KOSDAQ,061970,LB SEMICON,IT H/W,"3,130",-150,"137,045,772,960"
KOSDAQ,033560,BLUECOM,IT H/W,"10,300",-50,"197,760,000,000"
KOSDAQ,131290,TSE,IT H/W,"9,190",-50,"101,654,532,510"
KOSDAQ,064290,INTEKPLUS,IT H/W,"3,810",-40,"37,066,042,200"
KOSDAQ,131400,ACT,IT H/W,"2,760",0,"46,662,665,880"
KOSDAQ,096690,J. Stephen Lab.,IT H/W,716,-2,"170,027,829,060"
KOSDAQ,033170,Signetics,IT H/W,"1,460",20,"125,163,345,740"
KOSDAQ,123860,ANAPASS,IT H/W,"13,550",-100,"137,230,335,000"
KOSDAQ,119830,ITEK Semi,IT H/W,"6,120",-10,"31,879,361,520"
KOSDAQ,068940,ick,IT H/W,"4,815",5,"60,052,145,535"
KOSDAQ,117670,Alpha Holdings,IT H/W,"9,000",60,"108,664,281,000"
KOSDAQ,068240,DAWONSYS,IT H/W,"10,500",100,"255,119,991,000"
KOSDAQ,122990,WiSoL,IT H/W,"15,200",-250,"308,275,060,800"
KOSDAQ,114120,CrucialTec,IT H/W,"8,240",-110,"235,497,964,000"
KOSDAQ,121890,SDSYSTEM,IT H/W,"7,690",-80,"29,222,000,000"
KOSDAQ,108320,Silicon Works,IT H/W,"30,800",100,"500,940,440,000"
KOSDAQ,115610,IMAGIS,IT H/W,"7,050",-70,"54,067,352,400"
KOSDAQ,106080,HYSONIC,IT H/W,"3,570",465,"49,208,962,110"
KOSDAQ,114570,G-SMATT GLOBAL,IT H/W,"13,700",650,"270,965,121,200"
KOSDAQ,101330,MOBASE,IT H/W,"7,550",-80,"117,417,600,000"
KOSDAQ,115440,WooriNet,IT H/W,"5,900",-90,"37,557,689,000"
KOSDAQ,099520,ITX-M2M,IT H/W,"2,185",45,"30,837,741,855"
KOSDAQ,096640,MELFAS,IT H/W,"7,510",200,"159,641,204,010"
KOSDAQ,115160,HUMAX,IT H/W,"12,050",150,"288,137,165,900"
KOSDAQ,109960,Aprogen H&G,IT H/W,"3,875",-15,"195,176,046,500"
KOSDAQ,082920,VITCELL,IT H/W,"13,400",-100,"218,765,076,800"
KOSDAQ,052860,I&C,IT H/W,"3,360",70,"48,862,299,360"
KOSDAQ,105330,KNW,IT H/W,"6,970",-20,"39,459,588,590"
KOSDAQ,102120,ABOV,IT H/W,"8,140",-10,"142,121,575,420"
KOSDAQ,043200,PARU,IT H/W,"3,425",25,"94,657,646,325"
KOSDAQ,033100,CheryongElec,IT H/W,"3,440",-25,"55,254,686,960"
KOSDAQ,101490,S&S TECH,IT H/W,"5,980",20,"118,017,279,380"
KOSDAQ,101400,NEOFIDELITY,IT H/W,"3,160",-40,"43,490,808,240"
KOSDAQ,106240,FINETECHNIX,IT H/W,"2,855",-5,"95,599,957,645"
KOSDAQ,078070,Ubiquoss,IT H/W,"11,450",0,"242,740,000,000"
KOSDAQ,059100,IC,IT H/W,"10,450",-200,"73,890,487,000"
KOSDAQ,098120,MCS,IT H/W,"5,710",-80,"47,465,893,860"
KOSDAQ,083470,KJ Pretech,IT H/W,"4,200",-300,"89,346,751,200"
KOSDAQ,101160,Worldex,IT H/W,"2,615",20,"42,009,878,245"
KOSDAQ,099320,SI,IT H/W,"36,150",-200,"132,308,638,500"
KOSDAQ,095610,TES,IT H/W,"21,800",350,"423,048,838,000"
KOSDAQ,096870,LDT,IT H/W,"4,115",20,"27,481,616,000"
KOSDAQ,087730,NEPES AMC,IT H/W,"8,770",-180,"25,082,200,000"
KOSDAQ,091440,Telefield,IT H/W,"3,870",-10,"26,923,744,800"
KOSDAQ,097780,S-MAC,IT H/W,"5,940",60,"144,453,618,540"
KOSDAQ,093920,SWIT,IT H/W,"10,750",-100,"199,950,000,000"
KOSDAQ,067010,ECS,IT H/W,"5,510",-70,"41,325,000,000"
KOSDAQ,096610,RFsemi,IT H/W,"8,210",-70,"66,673,163,700"
KOSDAQ,094190,ELK,IT H/W,"1,580",-20,"49,002,925,800"
KOSDAQ,092300,HYUNWOO,IT H/W,"3,865",-65,"47,483,337,685"
KOSDAQ,093640,Tamul,IT H/W,"6,130",-10,"39,846,691,880"
KOSDAQ,095910,S-ENERGY,IT H/W,"7,770",-40,"90,382,186,230"
KOSDAQ,094970,JMT,IT H/W,"2,920",-140,"48,904,860,800"
KOSDAQ,081580,SUNGWOO ELEC,IT H/W,"5,270",60,"81,727,913,610"
KOSDAQ,073110,LMS,IT H/W,"9,500",-260,"84,509,672,500"
KOSDAQ,080520,ODTech,IT H/W,"8,230",0,"96,674,592,070"
KOSDAQ,095500,MNtech,IT H/W,"5,750",30,"133,914,814,750"
KOSDAQ,095340,ISC,IT H/W,"16,550",-400,"214,440,534,600"
KOSDAQ,027580,SBK,IT H/W,"3,065",5,"83,207,354,155"
KOSDAQ,090740,YOUNYI,IT H/W,"3,475",-15,"55,600,000,000"
KOSDAQ,094940,PULOON TECH,IT H/W,"5,560",-300,"31,364,944,120"
KOSDAQ,095270,WAVE ELECTRO,IT H/W,"19,500",-250,"206,592,750,000"
KOSDAQ,093190,Bixolon,IT H/W,"12,100",-50,"123,420,000,000"
KOSDAQ,091340,S&K,IT H/W,"4,765",105,"41,630,933,005"
KOSDAQ,092600,Nextchip,IT H/W,"6,190",-10,"83,240,025,000"
KOSDAQ,091580,SANGSIN EDP,IT H/W,"3,965",0,"44,784,873,250"
KOSDAQ,073540,FRTEK,IT H/W,"3,650",35,"41,610,000,000"
KOSDAQ,091120,EM-Tech,IT H/W,"9,890",-10,"138,808,355,470"
KOSDAQ,025320,Synopex,IT H/W,"1,730",20,"111,294,309,830"
KOSDAQ,090460,BH,IT H/W,"17,900",-200,"279,864,495,200"
KOSDAQ,089010,CHEMTRON,IT H/W,"6,360",-190,"68,338,327,200"
KOSDAQ,090470,JASTECH,IT H/W,"20,900",-300,"305,094,187,200"
KOSDAQ,086830,SHINYANG AURACOM,IT H/W,472,-2,"29,014,967,608"
KOSDAQ,091700,PARTRON,IT H/W,"11,100",100,"601,136,151,000"
KOSDAQ,086390,UniTest,IT H/W,"9,580",300,"202,464,927,080"
KOSDAQ,060540,SAT,IT H/W,"2,120",-20,"52,996,919,640"
KOSDAQ,066310,QSI,IT H/W,"7,940",10,"65,729,146,200"
KOSDAQ,089890,KOSES,IT H/W,"2,930",-5,"24,688,514,020"
KOSDAQ,089790,JT Corp.,IT H/W,"3,600",-125,"27,100,058,400"
KOSDAQ,088390,INNOX,IT H/W,"26,000",200,"320,274,292,000"
KOSDAQ,038060,LUMENS,IT H/W,"3,715",-35,"175,633,252,560"
KOSDAQ,062860,TLi,IT H/W,"5,730",-50,"56,570,685,600"
KOSDAQ,084730,Thinkware,IT H/W,"10,300",-150,"101,561,893,400"
KOSDAQ,058450,ILYA,IT H/W,"4,265",150,"41,711,700,000"
KOSDAQ,088800,Ace Technologies,IT H/W,"3,125",-45,"88,526,187,500"
KOSDAQ,083450,GST,IT H/W,"6,350",30,"59,167,680,750"
KOSDAQ,085670,NEWFLEX,IT H/W,"4,690",-115,"63,243,046,020"
KOSDAQ,084370,Eugenetech,IT H/W,"16,150",100,"370,094,078,300"
KOSDAQ,083640,INCON,IT H/W,"9,420",-10,"60,239,609,460"
KOSDAQ,080420,Moda-InnoChips,IT H/W,"8,920",50,"355,558,434,120"
KOSDAQ,079190,EMW,IT H/W,"2,740",0,"76,364,208,260"
KOSDAQ,082800,LUMIMICRO,IT H/W,"1,220",-40,"46,283,750,000"
KOSDAQ,077360,DSHM,IT H/W,"7,810",-70,"177,431,492,810"
KOSDAQ,067310,Hana Micron,IT H/W,"5,190",80,"116,102,614,740"
KOSDAQ,083310,LOT Vacuum,IT H/W,"12,300",-100,"147,746,234,700"
KOSDAQ,082660,SamwooEms,IT H/W,"2,345",5,"47,104,758,365"
KOSDAQ,051980,NEXTBIO HOLDINGS,IT H/W,"1,275",-30,"24,982,056,750"
KOSDAQ,058220,ARION,IT H/W,"1,005",-15,"70,053,891,825"
KOSDAQ,078890,KAON Media,IT H/W,"10,900",50,"146,149,707,000"
KOSDAQ,050890,Solid,IT H/W,"2,330",-75,"73,337,695,980"
KOSDAQ,082210,OPTRONTEC,IT H/W,"6,270",-10,"129,577,443,930"
KOSDAQ,049630,JAEYOUNG,IT H/W,"2,405",-30,"90,960,346,750"
KOSDAQ,036490,SK Materials,IT H/W,"170,400",-600,"1,797,323,479,200"
KOSDAQ,028040,SPERO GLOBAL,IT H/W,"2,175",-5,"40,058,123,400"
KOSDAQ,073490,Innowireless,IT H/W,"10,100",0,"60,625,250,000"
KOSDAQ,080220,JSC,IT H/W,"3,665",-35,"91,882,092,420"
KOSDAQ,079960,DONGYANG E&P,IT H/W,"13,300",0,"104,538,000,000"
KOSDAQ,052900,KMH HITECH,IT H/W,"1,670",60,"73,071,280,860"
KOSDAQ,078600,DAEJOO,IT H/W,"4,075",-85,"54,031,423,375"
KOSDAQ,054450,Telechips,IT H/W,"11,900",50,"126,508,638,200"
KOSDAQ,051360,TOVIS,IT H/W,"8,320",0,"139,085,922,560"
KOSDAQ,072520,TY C&L,IT H/W,"1,200",45,"50,524,262,400"
KOSDAQ,048870,Core Logic,IT H/W,"3,400",0,"150,909,979,200"
KOSDAQ,050090,PHOENIX MATERIALS,IT H/W,"1,230",-5,"79,910,555,130"
KOSDAQ,065770,CS,IT H/W,"1,995",0,"37,576,124,250"
KOSDAQ,077280,HancomGMD,IT H/W,"3,050",20,"34,255,449,750"
KOSDAQ,078350,HANYANG DIGI,IT H/W,"3,820",5,"38,200,000,000"
KOSDAQ,066900,DAP,IT H/W,"4,510",0,"102,577,708,530"
KOSDAQ,054620,AP Systems,IT H/W,"27,850",0,"713,237,413,850"
KOSDAQ,054340,NRK,IT H/W,"1,635",65,"40,196,079,330"
KOSDAQ,069540,LIGHTRON,IT H/W,"6,770",-120,"49,691,813,540"
KOSDAQ,054090,SAMJIN LND,IT H/W,"2,865",-15,"65,503,726,950"
KOSDAQ,067770,SEJINTS,IT H/W,"3,635",0,"30,521,615,555"
KOSDAQ,073570,AT technology,IT H/W,"1,280",-40,"28,726,946,560"
KOSDAQ,065680,UJU,IT H/W,"17,900",-250,"177,822,538,000"
KOSDAQ,057880,Topfield,IT H/W,"3,285",160,"52,513,162,470"
KOSDAQ,060570,IRIVER,IT H/W,"3,330",45,"103,550,332,680"
KOSDAQ,069330,U.I.DISPLAY,IT H/W,"4,940",90,"58,725,692,480"
KOSDAQ,064760,TCK,IT H/W,"32,750","1,150","382,356,250,000"
KOSDAQ,052710,Amotech,IT H/W,"22,850",300,"222,636,827,100"
KOSDAQ,047310,POWER LOGICS,IT H/W,"4,625",-100,"148,166,564,750"
KOSDAQ,056000,SINCETIMES,IT H/W,"4,090",-15,"57,327,894,000"
KOSDAQ,041520,e-LITECOM,IT H/W,"9,430",0,"114,939,723,900"
KOSDAQ,064240,homecast,IT H/W,"9,380",-380,"302,231,976,340"
KOSDAQ,039230,Foxbrain,IT H/W,"2,400",30,"88,605,252,000"
KOSDAQ,038460,BioSmart,IT H/W,"4,520",-110,"78,787,970,840"
KOSDAQ,051370,INTERFLEX,IT H/W,"27,800",500,"586,002,093,600"
KOSDAQ,065570,Samyung ENC,IT H/W,"9,530",60,"83,864,000,000"
KOSDAQ,066980,"Brain Contents CO.,LTD.",IT H/W,"1,195",-15,"179,635,068,435"
KOSDAQ,066970,L&F,IT H/W,"14,250",-300,"347,985,912,000"
KOSDAQ,066670,DTC,IT H/W,"3,965",-5,"74,113,454,870"
KOSDAQ,064090,HANYANGHITAO,IT H/W,"1,185",5,"34,587,628,320"
KOSDAQ,064520,BARUN,IT H/W,"1,965",-15,"127,483,768,740"
KOSDAQ,041590,GemTech,IT H/W,"3,885",-15,"117,615,636,075"
KOSDAQ,042600,SERONICS,IT H/W,"4,020",-80,"49,942,767,480"
KOSDAQ,048410,HDIBT,IT H/W,"4,385",-25,"132,855,646,905"
KOSDAQ,058610,SPG,IT H/W,"5,470",40,"114,197,053,250"
KOSDAQ,066110,HANP,IT H/W,"4,825",25,"129,042,207,675"
KOSDAQ,060720,KH VATEC,IT H/W,"13,600",-100,"272,000,000,000"
KOSDAQ,061040,RFTECH,IT H/W,"5,630",-10,"107,251,500,000"
KOSDAQ,054210,Elentec,IT H/W,"5,380",-10,"110,172,748,280"
KOSDAQ,043360,DGI,IT H/W,"3,780",55,"34,020,000,000"
KOSDAQ,039440,STI,IT H/W,"10,500",-100,"133,094,535,000"
KOSDAQ,049070,INTOPS,IT H/W,"11,150",0,"191,780,000,000"
KOSDAQ,046890,SSC,IT H/W,"16,800",-250,"979,530,720,000"
KOSDAQ,059090,MiCo,IT H/W,"3,345",25,"98,084,970,045"
KOSDAQ,054040,KCI,IT H/W,"5,170",-20,"83,088,569,300"
KOSDAQ,058470,LEENO,IT H/W,"41,600",650,"634,082,592,000"
KOSDAQ,057500,SKC solmics,IT H/W,"4,170",40,"256,430,146,800"
KOSDAQ,056360,COWEAVER,IT H/W,"5,590",-10,"54,764,112,000"
KOSDAQ,053610,PROTEC,IT H/W,"11,500",200,"108,087,419,000"
KOSDAQ,052330,KORTEK,IT H/W,"14,100",-150,"219,601,183,200"
KOSDAQ,052270,WOOJEON,IT H/W,690,0,"19,822,514,580"
KOSDAQ,051390,"YW CO.,LTD",IT H/W,"4,065",-5,"46,159,570,920"
KOSDAQ,050110,CammSys,IT H/W,"2,680",-15,"140,528,182,520"
KOSDAQ,049520,UIL,IT H/W,"10,900",0,"124,177,923,000"
KOSDAQ,049120,FINE DNC,IT H/W,"4,420",-300,"82,883,044,400"
KOSDAQ,047440,RAYGEN,IT H/W,"1,760",5,"49,135,907,040"
KOSDAQ,045660,ATEC,IT H/W,"7,920",80,"65,419,200,000"
KOSDAQ,045300,SUNGWOOTECH,IT H/W,"3,795",-40,"31,726,541,550"
KOSDAQ,043590,CLOVER,IT H/W,"3,700",0,"48,100,000,000"
KOSDAQ,043260,SUNGHO,IT H/W,"1,220",-10,"35,997,493,240"
KOSDAQ,039560,DASANNetwork,IT H/W,"5,750",170,"124,373,983,500"
KOSDAQ,039030,EO Technics,IT H/W,"83,300","-1,100","1,022,976,145,800"
KOSDAQ,039010,HYUNDAI TEL,IT H/W,"7,920",-10,"68,310,000,000"
KOSDAQ,038950,FINEDIGITAL,IT H/W,"5,980",-20,"60,940,774,700"
KOSDAQ,038880,iA,IT H/W,"3,745",-45,"151,060,185,010"
KOSDAQ,038530,CoreCross,IT H/W,526,-63,"30,778,109,416"
KOSDAQ,037950,ELCOMTEC,IT H/W,"2,480",70,"209,429,847,120"
KOSDAQ,037460,SAMJI ELECT,IT H/W,"7,860",10,"112,683,506,640"
KOSDAQ,037330,INZI DISPLAY,IT H/W,"2,320",10,"82,599,298,720"
KOSDAQ,036930,JEL,IT H/W,"10,700",300,"516,266,568,400"
KOSDAQ,036810,FINE SEMITECH,IT H/W,"4,370",60,"71,631,340,070"
KOSDAQ,036710,SIMMTECH HOLDINGS,IT H/W,"3,520",0,"122,833,332,160"
KOSDAQ,036690,COMMAX,IT H/W,"5,760",10,"79,105,605,120"
KOSDAQ,036540,SFASemicon,IT H/W,"2,465",-15,"343,536,386,410"
KOSDAQ,036500,SS COMTECH,IT H/W,550,13,"19,329,006,950"
KOSDAQ,036200,UNISEM,IT H/W,"5,400",100,"165,586,804,200"
KOSDAQ,036170,CTL,IT H/W,"1,580",50,"76,145,112,220"
KOSDAQ,035460,KisanTelecom,IT H/W,"3,380",0,"49,271,409,200"
KOSDAQ,033790,SEOHWA,IT H/W,"3,915",245,"44,675,631,000"
KOSDAQ,033640,NEPES,IT H/W,"9,840",-140,"214,759,712,160"
KOSDAQ,033290,COWELL F/S,IT H/W,"3,080",45,"283,558,342,760"
KOSDAQ,033200,MOATECH,IT H/W,"4,900",220,"70,222,806,500"
KOSDAQ,033160,MKElectron,IT H/W,"9,800",90,"213,715,352,200"
KOSDAQ,032960,DongilTech,IT H/W,"12,650",200,"73,071,131,100"
KOSDAQ,032790,MGENPLUS,IT H/W,"7,200",0,"86,151,132,000"
KOSDAQ,032580,Fidelix,IT H/W,"2,480",-30,"51,006,837,040"
KOSDAQ,032500,KMW,IT H/W,"9,790",290,"157,619,000,000"
KOSDAQ,031980,PSK,IT H/W,"12,750",-100,"259,227,951,000"
KOSDAQ,030530,WONIK HOLDINGS,IT H/W,"5,590",60,"431,760,313,790"
KOSDAQ,029480,BARUN Technology,IT H/W,"1,675",5,"37,780,722,125"
KOSDAQ,024850,PSMC,IT H/W,679,8,"26,295,090,479"
KOSDAQ,024810,E.T.I,IT H/W,435,-8,"106,716,314,100"
KOSDAQ,023890,ATLAS,IT H/W,"52,100",0,"476,715,000,000"
KOSDAQ,015710,KOCOM,IT H/W,"8,550",-100,"149,885,775,000"
KOSDAQ,012340,NUINTEK,IT H/W,"1,095",5,"53,792,050,200"
KOSDAQ,005290,DONGJIN,IT H/W,"8,540",50,"405,071,526,020"
KOSDAQ,204990,HS Vital,Food Beverage n Tobacco,"6,440",320,"140,005,600,000"
KOSDAQ,239610,HLSCIENCE,Food Beverage n Tobacco,"24,700",-200,"127,011,055,600"
KOSDAQ,222980,Mcnulty,Food Beverage n Tobacco,"13,400",50,"66,665,000,000"
KOSDAQ,222040,NUTRIBIOTECH,Food Beverage n Tobacco,"29,000","-30,500","299,106,000,000"
KOSDAQ,189980,Hyungkuk F&B,Food Beverage n Tobacco,"12,750",250,"93,601,460,250"
KOSDAQ,004650,Changhae Ethanol,Food Beverage n Tobacco,"18,200",200,"153,683,002,200"
KOSDAQ,092040,Amicogen,Food Beverage n Tobacco,"42,000","1,200","382,861,710,000"
KOSDAQ,136480,HARIM,Food Beverage n Tobacco,"5,070",-80,"273,505,905,660"
KOSDAQ,007390,NATURECELL,Food Beverage n Tobacco,"4,725",-55,"240,074,183,475"
KOSDAQ,088910,DONGWOO,Food Beverage n Tobacco,"4,590",-5,"105,391,173,600"
KOSDAQ,086060,GeneBioTech,Food Beverage n Tobacco,"5,630",-40,"48,477,604,810"
KOSDAQ,043650,KSDB,Food Beverage n Tobacco,"7,500",170,"133,937,280,000"
KOSDAQ,035810,EASY BIO,Food Beverage n Tobacco,"6,010",50,"318,561,588,560"
KOSDAQ,027710,FarmStory,Food Beverage n Tobacco,"1,450",5,"128,103,774,950"
KOSDAQ,025880,KC FEED,Food Beverage n Tobacco,"2,650",60,"42,799,344,400"
KOSDAQ,025870,SILLA SG,Food Beverage n Tobacco,"7,480",-90,"29,920,000,000"
KOSDAQ,023900,Pungguk,Food Beverage n Tobacco,"6,860",-40,"86,436,000,000"
KOSDAQ,018120,JrDistiller,Food Beverage n Tobacco,"31,100",0,"233,996,400,000"
KOSDAQ,009780,MSC,Food Beverage n Tobacco,"13,550",50,"119,240,000,000"
KOSDAQ,005990,MAEIL,Food Beverage n Tobacco,"40,900",-150,"556,582,578,400"
KOSDAQ,005860,HanilFeed,Food Beverage n Tobacco,"2,155",25,"84,914,941,175"
KOSDAQ,005670,FOODWELL,Food Beverage n Tobacco,"5,860",-90,"46,880,000,000"
KOSDAQ,003310,Daejoo,Food Beverage n Tobacco,"2,705",-15,"95,736,306,750"
KOSDAQ,002680,Hantop,Food Beverage n Tobacco,"2,300",-20,"47,840,000,000"
KOSDAQ,130500,GH Advanced Materials,Textile n Apparel,"3,790",-75,"26,530,000,000"
KOSDAQ,047770,Codes Combine,Textile n Apparel,"3,775",85,"142,855,822,550"
KOSDAQ,098660,STO,Textile n Apparel,"3,695",-55,"30,945,721,070"
KOSDAQ,011080,HYUNGJI I&C,Textile n Apparel,"1,535",0,"59,796,950,380"
KOSDAQ,065950,Welcron,Textile n Apparel,"3,370",-10,"85,902,974,890"
KOSDAQ,065060,GNCO,Textile n Apparel,"2,330",70,"185,997,012,520"
KOSDAQ,033340,GOODPEOPLE,Textile n Apparel,"2,305",-20,"60,880,895,480"
KOSDAQ,032080,AZTECHWB,Textile n Apparel,"3,060",45,"61,075,889,460"
KOSDAQ,030270,SMARK,Textile n Apparel,"1,200",-5,"48,745,070,400"
KOSDAQ,017680,DECO&E,Textile n Apparel,"1,335",-85,"91,848,575,385"
KOSDAQ,008290,WPMulsan,Textile n Apparel,"4,020",-170,"148,131,259,440"
KOSDAQ,025900,DONGWHA ENTERPRISE,Paper n Wood Products,"30,800",-250,"442,188,084,800"
KOSDAQ,078130,KUK-IL PAPER,Paper n Wood Products,685,-36,"79,458,684,800"
KOSDAQ,045520,Clean & Science,Paper n Wood Products,"5,950",10,"38,675,000,000"
KOSDAQ,037230,HKPAK,Paper n Wood Products,"3,105",115,"77,625,000,000"
KOSDAQ,023600,SAMBO CORR,Paper n Wood Products,"7,370",-10,"103,180,000,000"
KOSDAQ,017650,DaelimPaper,Paper n Wood Products,"1,435",-5,"64,575,000,000"
KOSDAQ,014970,Samryoong,Paper n Wood Products,"6,960",30,"105,270,000,000"
KOSDAQ,006580,DaeyangPaper,Paper n Wood Products,"22,500","1,100","60,412,500,000"
KOSDAQ,001810,M.S,Paper n Wood Products,"3,380",-15,"74,824,750,000"
KOSDAQ,203650,Dream Security,Publishing n Printing,"1,475",-40,"50,600,987,150"
KOSDAQ,217270,Neptune,Publishing n Printing,"2,145",15,"203,221,620,030"
KOSDAQ,230980,Soltworks,Publishing n Printing,"3,685",45,"32,087,211,200"
KOSDAQ,050960,SOOSAN INT,Publishing n Printing,"9,080",70,"61,299,080,000"
KOSDAQ,214270,FSN,Publishing n Printing,"2,210",60,"101,992,479,030"
KOSDAQ,208350,JS.,Publishing n Printing,"1,580",-15,"51,299,116,100"
KOSDAQ,208640,Thumbage,Publishing n Printing,"1,430",-35,"106,264,056,470"
KOSDAQ,950110,SBI AXES,Publishing n Printing,"3,930",-25,"83,966,022,000"
KOSDAQ,035290,A1N,Publishing n Printing,"3,900",-60,"78,135,018,000"
KOSDAQ,134060,e-future,Publishing n Printing,"6,510",-80,"31,047,817,500"
KOSDAQ,036000,YeaRimDang,Publishing n Printing,"5,360",70,"123,463,724,720"
KOSDAQ,039670,Sports Seoul,Publishing n Printing,"2,645",195,"46,618,357,760"
KOSDAQ,053290,Neungyule,Publishing n Printing,"5,570",-60,"64,330,715,000"
KOSDAQ,063440,FNC ADD CULTURE,Publishing n Printing,"1,480",-45,"56,695,655,000"
KOSDAQ,033050,JMI,Publishing n Printing,"1,405",-20,"45,773,975,510"
KOSDAQ,030960,Yangjisa,Publishing n Printing,"6,100",-20,"97,478,000,000"
KOSDAQ,016170,LOEN,Publishing n Printing,"80,000",0,"2,023,336,400,000"
KOSDAQ,237880,CLIO Cosmetics,Chemicals,"40,400",-600,"681,677,886,000"
KOSDAQ,241710,COSMECCA KOREA,Chemicals,"67,600","-1,000","360,984,000,000"
KOSDAQ,060900,Pacific Bio,Chemicals,"1,260",0,"43,409,079,000"
KOSDAQ,039790,WINNOVA,Chemicals,872,-5,"67,927,482,408"
KOSDAQ,221610,Hansol CNP,Chemicals,"13,650",250,"54,513,636,450"
KOSDAQ,221980,KDCHEM,Chemicals,"16,950",-450,"68,389,860,000"
KOSDAQ,115960,YONWOO,Chemicals,"31,800",-200,"394,256,400,000"
KOSDAQ,196700,WAPS,Chemicals,"6,630",-60,"45,410,447,940"
KOSDAQ,069110,COSON,Chemicals,"12,350",-100,"216,253,057,150"
KOSDAQ,065160,FT EnE,Chemicals,"5,310",-30,"287,795,914,740"
KOSDAQ,016100,LEADERS COSMETICS,Chemicals,"17,150",-350,"307,662,716,550"
KOSDAQ,187790,NANO,Chemicals,"1,620",25,"63,546,027,660"
KOSDAQ,178920,SKPI,Chemicals,"14,050",-500,"412,596,824,100"
KOSDAQ,171120,LION CHEMTECH,Chemicals,"20,500",-100,"315,413,102,500"
KOSDAQ,138360,ACTCOS,Chemicals,"9,300",-140,"56,869,500,000"
KOSDAQ,032980,BYON,Chemicals,"1,930",45,"45,666,345,670"
KOSDAQ,112240,SFC,Chemicals,"3,190",0,"92,596,353,300"
KOSDAQ,101240,CQV,Chemicals,"8,810",0,"66,771,694,800"
KOSDAQ,137950,JC Chemical,Chemicals,"5,150",-10,"99,616,450,000"
KOSDAQ,123330,Genic,Chemicals,"13,400",-350,"88,440,000,000"
KOSDAQ,089980,SFTC,Chemicals,"8,990",-50,"119,580,386,110"
KOSDAQ,104480,TK CHEMICAL,Chemicals,"1,870",10,"169,974,461,580"
KOSDAQ,121600,ANP,Chemicals,"12,550",50,"136,146,579,150"
KOSDAQ,120240,DAEJUNG C&M,Chemicals,"12,200",-100,"73,794,469,400"
KOSDAQ,126600,KOPLA,Chemicals,"12,700",100,"123,803,765,600"
KOSDAQ,115570,STARFLEX,Chemicals,"7,170",70,"46,273,272,780"
KOSDAQ,114630,UNO&COMPANY,Chemicals,"5,720",70,"77,643,079,800"
KOSDAQ,102710,ENF,Chemicals,"18,300",350,"259,860,000,000"
KOSDAQ,050760,S polytech,Chemicals,"2,840",-15,"46,390,485,520"
KOSDAQ,097870,HYOSUNG ONB,Chemicals,"11,850",300,"68,730,000,000"
KOSDAQ,092070,DNF,Chemicals,"13,350",150,"143,670,403,800"
KOSDAQ,092730,Neopharm,Chemicals,"25,400",-800,"189,515,419,800"
KOSDAQ,091970,Nano Chem Tech,Chemicals,"5,190",120,"103,790,922,690"
KOSDAQ,083660,CSA Cosmic,Chemicals,"4,110",270,"78,933,154,170"
KOSDAQ,022220,JEONGSAN AIKANG,Chemicals,"2,380",15,"123,271,098,020"
KOSDAQ,079000,WATOS COREA,Chemicals,"7,940",130,"53,992,000,000"
KOSDAQ,036830,Soulbrain,Chemicals,"48,000","1,150","795,031,728,000"
KOSDAQ,021650,CUBIC KOREA,Chemicals,"4,150",75,"41,043,500,000"
KOSDAQ,065940,KSCB,Chemicals,"6,050",-50,"126,388,656,350"
KOSDAQ,042040,KPM TECH,Chemicals,"13,150",50,"146,061,310,600"
KOSDAQ,065690,DAEJIN DMP,Chemicals,"4,010",-95,"54,728,684,510"
KOSDAQ,061460,Hanjin P&C,Chemicals,"2,520",40,"211,564,105,200"
KOSDAQ,049550,InkTec,Chemicals,"8,360",480,"78,006,499,560"
KOSDAQ,060260,NUVOTEC,Chemicals,"4,150",60,"102,147,763,850"
KOSDAQ,035200,PLUMB FAST,Chemicals,"5,430",60,"43,668,021,990"
KOSDAQ,056700,SHINWHA,Chemicals,"3,890",55,"113,335,503,990"
KOSDAQ,052260,SKbioland,Chemicals,"17,200",-450,"258,000,000,000"
KOSDAQ,048830,NPK,Chemicals,"3,300",0,"42,648,945,900"
KOSDAQ,045060,OKONG Corp.,Chemicals,"5,400",-250,"62,218,659,600"
KOSDAQ,044480,UNIDUS CORP,Chemicals,"6,350",270,"54,610,000,000"
KOSDAQ,041930,DONGAHWASUNG,Chemicals,"5,090",-70,"80,422,000,000"
KOSDAQ,036670,KCI,Chemicals,"8,200",30,"92,414,000,000"
KOSDAQ,036640,HRS,Chemicals,"4,080",-20,"66,727,584,000"
KOSDAQ,033500,DONGSUNG FINETEC,Chemicals,"7,450",240,"201,027,887,050"
KOSDAQ,027050,COREANA,Chemicals,"5,940",40,"237,600,000,000"
KOSDAQ,017890,KAI,Chemicals,"8,040",-90,"173,710,310,400"
KOSDAQ,014100,BRM,Chemicals,"13,200",-300,"150,480,000,000"
KOSDAQ,008370,Wonpoong,Chemicals,"4,880",50,"58,560,000,000"
KOSDAQ,007770,HANILCHEMIC,Chemicals,"14,800",450,"51,948,000,000"
KOSDAQ,002800,SINSIN PHARM,Pharmaceuticals,"8,020","3,520","121,667,410,000"
KOSDAQ,241820,PCL,Pharmaceuticals,"9,450",-410,"84,304,999,800"
KOSDAQ,196300,AnyGen,Pharmaceuticals,"12,150",-200,"60,059,454,750"
KOSDAQ,220100,Futurechem,Pharmaceuticals,"9,060",-30,"50,936,579,340"
KOSDAQ,237690,ST Pharm,Pharmaceuticals,"43,550",650,"804,995,620,000"
KOSDAQ,243070,Huons,Pharmaceuticals,"50,100","2,050","295,362,746,400"
KOSDAQ,222110,PanGen,Pharmaceuticals,"14,100",0,"131,109,061,500"
KOSDAQ,065660,ANTEROGEN,Pharmaceuticals,"19,800",50,"147,776,013,000"
KOSDAQ,145020,Hugel,Pharmaceuticals,"368,600","17,600","1,210,503,778,800"
KOSDAQ,214370,Caregen,Pharmaceuticals,"69,100","-1,300","740,061,000,000"
KOSDAQ,182400,ATGen,Pharmaceuticals,"32,400","-1,650","369,085,960,800"
KOSDAQ,203690,PROSTEMICS,Pharmaceuticals,"4,285",-110,"193,534,724,550"
KOSDAQ,206640,Boditech,Pharmaceuticals,"20,700",0,"438,630,867,900"
KOSDAQ,087010,PEPTRON,Pharmaceuticals,"38,100",-900,"238,238,652,300"
KOSDAQ,166480,CORESTEM,Pharmaceuticals,"10,900",100,"171,320,096,000"
KOSDAQ,187420,GenoFocus,Pharmaceuticals,"18,000",0,"161,918,154,000"
KOSDAQ,031390,GREEN CROSS CELL,Pharmaceuticals,"26,650",-350,"311,696,774,350"
KOSDAQ,200130,KBH,Pharmaceuticals,"17,950",-550,"530,306,866,100"
KOSDAQ,200670,Humedix,Pharmaceuticals,"31,450",500,"275,076,167,000"
KOSDAQ,142280,GCMS,Pharmaceuticals,"10,800",50,"103,248,000,000"
KOSDAQ,200780,BCWORLDPHARM,Pharmaceuticals,"22,550",-150,"150,495,272,400"
KOSDAQ,191420,Tego,Pharmaceuticals,"48,450",-500,"179,403,421,650"
KOSDAQ,131030,DHP,Pharmaceuticals,"8,790",-40,"145,604,565,630"
KOSDAQ,950130,Access Bio,Pharmaceuticals,"5,390",-10,"145,879,972,700"
KOSDAQ,066700,THERAGEN ETEX,Pharmaceuticals,"5,800",10,"167,243,556,800"
KOSDAQ,085660,CHA Biotech,Pharmaceuticals,"13,050",0,"660,092,137,650"
KOSDAQ,138610,NIBEC,Pharmaceuticals,"7,910",-20,"42,979,586,160"
KOSDAQ,048530,iNtRON Bio,Pharmaceuticals,"26,000",350,"391,000,012,000"
KOSDAQ,096530,SEEGENE,Pharmaceuticals,"34,400",-50,"902,450,288,000"
KOSDAQ,106190,HTP,Pharmaceuticals,"13,650",0,"96,761,874,300"
KOSDAQ,068760,Celltrionph,Pharmaceuticals,"22,200",-250,"702,748,792,200"
KOSDAQ,049180,CELLUMED,Pharmaceuticals,"1,140",-75,"206,971,384,440"
KOSDAQ,053950,KYUNG NAM PHARM,Pharmaceuticals,"4,935",-20,"55,510,735,560"
KOSDAQ,114450,KPXLS,Pharmaceuticals,"4,435",20,"66,525,000,000"
KOSDAQ,042520,HANS BIOMED,Pharmaceuticals,"16,850",250,"166,104,890,450"
KOSDAQ,067290,JW SHINYAK,Pharmaceuticals,"7,340",-180,"286,589,991,720"
KOSDAQ,102940,KLS,Pharmaceuticals,"111,000","-1,100","844,808,790,000"
KOSDAQ,086890,ISU ABXIS,Pharmaceuticals,"8,080",40,"159,587,530,560"
KOSDAQ,086900,MedyTox,Pharmaceuticals,"411,400","3,900","2,327,098,499,000"
KOSDAQ,068270,Celltrion,Pharmaceuticals,"101,500",0,"11,834,730,190,500"
KOSDAQ,100700,SEWOONMEDICAL,Pharmaceuticals,"3,925",-20,"171,915,000,000"
KOSDAQ,018620,WOOGENE B&G,Pharmaceuticals,"6,600",-40,"70,790,920,200"
KOSDAQ,058820,CMG Pharmaceutical,Pharmaceuticals,"3,500",-50,"380,475,354,000"
KOSDAQ,059210,META,Pharmaceuticals,"4,160",-125,"90,997,599,680"
KOSDAQ,036480,DSMBIO,Pharmaceuticals,"132,800","1,200","50,464,000,000"
KOSDAQ,086450,DongKook Pharm,Pharmaceuticals,"58,200","-1,300","517,514,400,000"
KOSDAQ,039200,OCT Inc.,Pharmaceuticals,"6,440",40,"165,117,220,800"
KOSDAQ,084110,Huons Global,Pharmaceuticals,"29,000",200,"281,835,688,000"
KOSDAQ,064550,BIONEER,Pharmaceuticals,"5,450",-10,"87,878,895,600"
KOSDAQ,078140,Daebongls,Pharmaceuticals,"12,350",-200,"136,919,250,650"
KOSDAQ,078160,MEDIPOST,Pharmaceuticals,"57,800",900,"454,216,733,800"
KOSDAQ,041910,ESTECHPHARMA,Pharmaceuticals,"10,250",-250,"117,209,580,250"
KOSDAQ,072020,CAVAC,Pharmaceuticals,"20,650",400,"151,158,000,000"
KOSDAQ,067080,DH PHARM,Pharmaceuticals,"22,550",-150,"410,973,163,700"
KOSDAQ,049960,CBT,Pharmaceuticals,"37,150",-50,"349,210,000,000"
KOSDAQ,061250,HWAIL PHARM,Pharmaceuticals,"7,630",-60,"109,955,609,540"
KOSDAQ,054670,DHNP,Pharmaceuticals,"18,900","1,400","271,307,988,000"
KOSDAQ,052670,CHEIL BIO,Pharmaceuticals,"3,960",-15,"59,400,000,000"
KOSDAQ,053030,Binex,Pharmaceuticals,"15,100",-300,"472,606,564,800"
KOSDAQ,044960,EAGLE VET,Pharmaceuticals,"4,900",-20,"57,175,326,600"
KOSDAQ,041960,KOMIPHARM,Pharmaceuticals,"32,450",-100,"1,775,014,091,400"
KOSDAQ,034940,ChoA Pharm.,Pharmaceuticals,"4,330",-75,"122,583,300,230"
KOSDAQ,023910,DaihanPharm,Pharmaceuticals,"28,900",250,"173,400,000,000"
KOSDAQ,018680,SEOUL PHARMA,Pharmaceuticals,"9,510",-310,"70,379,002,260"
KOSDAQ,014570,KOREAN DRUG,Pharmaceuticals,"6,270",80,"68,970,000,000"
KOSDAQ,012790,Shinil Pharm,Pharmaceuticals,"14,500",0,"114,550,000,000"
KOSDAQ,011040,KDPharm,Pharmaceuticals,"18,600",100,"246,915,000,000"
KOSDAQ,009300,Sam-A Pharm.,Pharmaceuticals,"21,150",-50,"134,725,500,000"
KOSDAQ,007370,JINYANGPHARM,Pharmaceuticals,"4,190",30,"50,280,000,000"
KOSDAQ,001540,AHN-GOOK PHA,Pharmaceuticals,"12,100",0,"157,813,282,000"
KOSDAQ,000250,SCD,Pharmaceuticals,"14,100",-150,"311,691,963,300"
KOSDAQ,238090,NDFOS,Non-metal Products,"13,400",150,"201,924,131,000"
KOSDAQ,222420,CENOTEC,Non-metal Products,"3,045",55,"116,348,405,565"
KOSDAQ,228340,TONGYANG PILE,Non-metal Products,"7,610",-20,"152,200,000,000"
KOSDAQ,060560,Home Center Holdings,Non-metal Products,"4,170",280,"169,776,354,180"
KOSDAQ,038500,Tongyang Cement & Energy,Non-metal Products,"3,485",25,"374,139,747,905"
KOSDAQ,079650,Seosan,Non-metal Products,"5,060",-10,"101,200,000,000"
KOSDAQ,075970,DONGKUK R&S,Non-metal Products,"2,330",0,"42,872,000,000"
KOSDAQ,074600,WONIK QnC,Non-metal Products,"17,350",150,"228,048,400,000"
KOSDAQ,023410,EUGENE,Non-metal Products,"5,080",-20,"375,920,000,000"
KOSDAQ,008800,H & H,Non-metal Products,"1,175",50,"80,892,744,575"
KOSDAQ,006920,Mohenz,Non-metal Products,"4,320",-15,"47,174,400,000"
KOSDAQ,006050,KUKYOUNGG&M,Non-metal Products,"1,645",20,"56,320,439,105"
KOSDAQ,003670,POSCO CHEMTECH,Non-metal Products,"13,100",-150,"773,817,000,000"
KOSDAQ,049830,SEUNG IL,Metal Products,"13,450",-350,"82,476,906,400"
KOSDAQ,109610,SYPANEL,Metal Products,"11,450",-200,"139,117,500,000"
KOSDAQ,060480,KUKIL METAL,Metal Products,"5,060",275,"56,115,400,000"
KOSDAQ,140520,DaeChang Steel,Metal Products,"5,060",135,"73,703,960,000"
KOSDAQ,090410,Duckshin Housing,Metal Products,"6,000",30,"48,072,000,000"
KOSDAQ,192390,Winhitech,Metal Products,"6,080",-140,"59,967,581,120"
KOSDAQ,096350,DSOL,Metal Products,"2,475",-125,"27,720,000,000"
KOSDAQ,018310,SAMMOK S-FORM,Metal Products,"15,100",-50,"221,970,000,000"
KOSDAQ,006910,BOSUNG POWER,Metal Products,"2,935",0,"134,583,600,265"
KOSDAQ,147830,CheryongInd,Metal Products,"7,240",50,"72,400,000,000"
KOSDAQ,138070,SINJIN SM,Metal Products,"8,030",-10,"72,046,629,490"
KOSDAQ,008470,BOOSTER,Metal Products,"6,100",-90,"51,269,280,000"
KOSDAQ,128660,PJ METAL,Metal Products,"1,975",15,"48,986,653,775"
KOSDAQ,122800,SUNTECH,Metal Products,"2,590",70,"57,174,146,400"
KOSDAQ,069140,Nuriplan,Metal Products,"5,980",100,"27,149,696,340"
KOSDAQ,119500,FORMETAL,Metal Products,"3,800",-40,"45,693,784,000"
KOSDAQ,114190,WELCRON KANGWON,Metal Products,"2,705",-60,"41,259,446,150"
KOSDAQ,087220,SFC,Metal Products,465,1,"33,560,411,520"
KOSDAQ,100130,Dongkuk S&C,Metal Products,"5,450",-50,"311,429,350,000"
KOSDAQ,109860,DONGIL METAL,Metal Products,"9,840",100,"68,880,000,000"
KOSDAQ,024840,KB METAL,Metal Products,"2,245",-35,"70,137,158,520"
KOSDAQ,099660,Hansol SeenTec,Metal Products,"1,690",10,"108,139,047,380"
KOSDAQ,081150,Tplex,Metal Products,"2,080",10,"46,003,611,680"
KOSDAQ,090730,SIMPAC METALLOY,Metal Products,"5,680",260,"73,840,000,000"
KOSDAQ,100090,SAMKANG M&T,Metal Products,"6,850",110,"115,447,851,850"
KOSDAQ,101670,KSEC,Metal Products,"2,360",170,"44,604,000,000"
KOSDAQ,033310,DK D&I,Metal Products,"2,260",-5,"49,657,648,860"
KOSDAQ,093380,PUNGKANG,Metal Products,"3,945",-5,"38,973,889,785"
KOSDAQ,089230,THE E&M,Metal Products,"5,890",-70,"108,212,234,440"
KOSDAQ,079170,Hanchang,Metal Products,"6,710",210,"34,892,000,000"
KOSDAQ,073640,SAM WON TECH,Metal Products,600,-23,"16,987,440,000"
KOSDAQ,065620,JENAX,Metal Products,"20,900",0,"449,072,949,600"
KOSDAQ,005160,DONGKUK,Metal Products,"4,030",30,"218,605,262,460"
KOSDAQ,054410,KPT,Metal Products,"9,000",-40,"45,540,000,000"
KOSDAQ,053660,HYUNJIN,Metal Products,"1,320",-10,"43,722,004,920"
KOSDAQ,060380,DY STEC,Metal Products,"3,800",5,"38,000,000,000"
KOSDAQ,048470,DAESCO,Metal Products,"4,005",0,"40,050,000,000"
KOSDAQ,053260,KEUM KANG,Metal Products,"4,285",145,"80,215,200,000"
KOSDAQ,054540,SYMTEK,Metal Products,"5,870",-140,"76,310,000,000"
KOSDAQ,053620,TAEYANG,Metal Products,"11,750",100,"101,050,000,000"
KOSDAQ,044490,TAEWOONG,Metal Products,"24,250",-200,"485,178,989,250"
KOSDAQ,039240,K-Steel,Metal Products,"10,550",-100,"52,750,000,000"
KOSDAQ,039020,EAGON,Metal Products,"3,445",10,"49,356,783,710"
KOSDAQ,038010,JEIL TECHNOS,Metal Products,"5,330",-110,"47,970,000,000"
KOSDAQ,037760,CENIT,Metal Products,"2,045",-45,"67,919,263,930"
KOSDAQ,026910,KwangjinInd,Metal Products,"5,350",-200,"34,268,916,750"
KOSDAQ,025550,HanSun,Metal Products,"3,700",-55,"90,732,339,800"
KOSDAQ,024940,PNPOONGNYUN,Metal Products,"3,240",-30,"32,400,000,000"
KOSDAQ,024880,KPF,Metal Products,"4,980",30,"74,135,477,160"
KOSDAQ,023790,DongilSteel,Metal Products,"5,400",0,"39,663,459,000"
KOSDAQ,023440,JeilSteel,Metal Products,"1,315",-20,"34,232,323,275"
KOSDAQ,023160,TKCORP.,Metal Products,"9,380",60,"248,570,000,000"
KOSDAQ,021045,DAEHO P&C(1P),Metal Products,"2,420",-210,"10,266,767,720"
KOSDAQ,021040,DAEHO P&C,Metal Products,"1,155",-190,"57,880,314,030"
KOSDAQ,020400,DaedongMetal,Metal Products,"40,550",250,"19,464,000,000"
KOSDAQ,019210,YG-1,Metal Products,"10,750",50,"258,142,222,500"
KOSDAQ,017510,SemyungElec,Metal Products,"4,315",-15,"65,786,490,000"
KOSDAQ,017480,SAMSCO,Metal Products,"5,180",-70,"81,340,970,200"
KOSDAQ,014620,SKB,Metal Products,"9,970",-30,"285,142,000,000"
KOSDAQ,013030,HY-LOKCO,Metal Products,"20,200",200,"274,987,286,400"
KOSDAQ,012620,Wonil,Metal Products,"10,150",-50,"44,660,000,000"
KOSDAQ,009730,KOSSEN,Metal Products,"1,515",5,"56,646,890,805"
KOSDAQ,009620,SAMBO IND,Metal Products,"22,800",-100,"31,920,000,000"
KOSDAQ,009520,POSCO M-TECH,Metal Products,"2,780",15,"115,766,714,340"
KOSDAQ,007530,Youngsin,Metal Products,"4,390",-50,"27,626,129,520"
KOSDAQ,004780,Daeryuk,Metal Products,"6,980",80,"111,004,329,020"
KOSDAQ,083500,FNS TECH,Machinery,"16,650",-800,"97,420,831,650"
KOSDAQ,222080,CIS,Machinery,"1,900",0,"95,033,863,700"
KOSDAQ,144960,NPP,Machinery,"22,650",700,"183,634,240,800"
KOSDAQ,217820,NS,Machinery,"10,800",-250,"52,920,000,000"
KOSDAQ,160600,SNTEK,Machinery,"7,750",100,"84,055,639,750"
KOSDAQ,053590,HANKOOK Technology,Machinery,"3,185",0,"126,952,446,985"
KOSDAQ,195990,Ugint,Machinery,456,-6,"167,567,790,600"
KOSDAQ,196490,DAT,Machinery,"13,950",50,"84,309,419,700"
KOSDAQ,123840,HANIL VACUUM,Machinery,"2,915",-70,"95,851,773,325"
KOSDAQ,158310,INTERBULLS,Machinery,"5,090",0,"30,810,390,980"
KOSDAQ,141070,MAXROTEC,Machinery,"2,250",-15,"53,948,189,250"
KOSDAQ,137400,P&T,Machinery,"11,000",100,"83,600,000,000"
KOSDAQ,101000,DMC,Machinery,"1,985",-50,"53,103,694,635"
KOSDAQ,056080,Yujin Robot,Machinery,"3,780",-20,"88,202,504,880"
KOSDAQ,036090,WIZIT,Machinery,"1,260",-15,"83,561,995,440"
KOSDAQ,018000,UNISON,Machinery,"1,400",-40,"93,642,616,200"
KOSDAQ,126870,NEUROS,Machinery,"4,745",100,"67,340,968,825"
KOSDAQ,100660,SMI,Machinery,"3,555",10,"44,793,000,000"
KOSDAQ,136510,Semisysco,Machinery,"10,250",100,"55,350,000,000"
KOSDAQ,007820,SMC,Machinery,"11,750",100,"235,000,000,000"
KOSDAQ,090360,Robostar,Machinery,"14,650",-300,"114,270,000,000"
KOSDAQ,099440,SMEC,Machinery,"3,880",-5,"92,022,580,800"
KOSDAQ,019770,SEOYON TOPMETAL,Machinery,"7,400",-300,"86,210,000,000"
KOSDAQ,126880,JNK Heaters,Machinery,"4,265",135,"63,222,082,490"
KOSDAQ,105740,DK-Lok,Machinery,"5,620",-10,"44,148,213,480"
KOSDAQ,050860,ASIA TECHNOLOGY,Machinery,"3,385",-35,"59,237,500,000"
KOSDAQ,080530,KODI,Machinery,"4,885",-205,"77,729,294,435"
KOSDAQ,104460,DYP&F,Machinery,"4,870",-30,"52,175,353,750"
KOSDAQ,109740,DSK,Machinery,"13,050",-350,"169,650,000,000"
KOSDAQ,108230,TOPTEC,Machinery,"22,450",-300,"809,961,359,650"
KOSDAQ,103230,S&W Corp.,Machinery,"4,660",35,"33,552,000,000"
KOSDAQ,101680,HNK,Machinery,"3,265",-35,"27,439,060,000"
KOSDAQ,010240,HEUNGKUK,Machinery,"6,140",80,"37,830,676,720"
KOSDAQ,101170,WOORIM,Machinery,"6,540",-270,"88,290,000,000"
KOSDAQ,095300,NSV,Machinery,"1,720",110,"21,598,480,320"
KOSDAQ,071670,A-Tech,Machinery,"8,870",80,"88,700,000,000"
KOSDAQ,076080,WELCRON HANTEC,Machinery,"2,770",15,"49,918,981,610"
KOSDAQ,098460,Koh Young,Machinery,"50,500","-1,100","690,282,025,500"
KOSDAQ,068330,"ilShinbiobase Co., Ltd.",Machinery,"2,390",-50,"105,676,574,600"
KOSDAQ,086670,BMT,Machinery,"6,810",-300,"55,477,862,490"
KOSDAQ,095190,EMKOREA,Machinery,"4,160",-40,"89,082,019,520"
KOSDAQ,088130,DONG A ELTEK,Machinery,"23,250",50,"259,244,382,000"
KOSDAQ,090710,DST ROBOT,Machinery,"3,820",-45,"75,496,302,600"
KOSDAQ,086250,HWASHIN TECH,Machinery,"2,775",-10,"26,917,500,000"
KOSDAQ,089140,NEXTURN,Machinery,"24,100",-850,"285,501,132,000"
KOSDAQ,054950,JVM,Machinery,"48,450","1,150","306,732,492,600"
KOSDAQ,079370,ZEUS,Machinery,"15,900",-200,"165,105,600,000"
KOSDAQ,019990,ENERTORK,Machinery,"6,860",-10,"66,926,763,680"
KOSDAQ,084180,SOOSUNG,Machinery,"9,380",120,"76,916,000,000"
KOSDAQ,083650,BHI,Machinery,"7,080",130,"184,080,000,000"
KOSDAQ,083930,AVACO,Machinery,"8,260",-130,"132,131,131,300"
KOSDAQ,082270,GemVax,Machinery,"12,300",0,"376,250,751,600"
KOSDAQ,079950,INVENIA,Machinery,"5,490",-90,"127,368,000,000"
KOSDAQ,079810,DE&T,Machinery,"8,800",-30,"77,823,891,200"
KOSDAQ,080000,SNU,Machinery,"4,660",-25,"145,625,000,000"
KOSDAQ,049950,meerecompany,Machinery,"32,550",800,"249,359,951,400"
KOSDAQ,073010,KSP,Machinery,"3,760",0,"35,509,579,120"
KOSDAQ,078150,HB Technology,Machinery,"4,495",-45,"346,827,187,800"
KOSDAQ,068790,DMS,Machinery,"10,600",300,"239,268,362,200"
KOSDAQ,041440,EVERDIGM,Machinery,"10,350",100,"185,430,020,400"
KOSDAQ,065130,TOP ENG,Machinery,"6,860",-40,"109,597,123,020"
KOSDAQ,058530,EQUISnZAROO,Machinery,"3,250",-15,"112,396,375,000"
KOSDAQ,054300,Panstar Enterprise,Machinery,"1,360",-45,"37,433,922,480"
KOSDAQ,056190,SFA,Machinery,"64,900",800,"1,165,239,262,000"
KOSDAQ,051490,NARA M&D,Machinery,"4,240",140,"60,208,000,000"
KOSDAQ,051170,Suncore,Machinery,"2,190",25,"76,672,086,150"
KOSDAQ,048770,TPC,Machinery,"6,490",-60,"83,721,000,000"
KOSDAQ,044780,HK,Machinery,"2,120",140,"39,062,668,440"
KOSDAQ,044060,JOKWANG ILI,Machinery,"5,700",-180,"56,348,239,200"
KOSDAQ,043340,Essen Tech,Machinery,"1,055",-10,"75,960,000,000"
KOSDAQ,039610,HS VALVE,Machinery,"5,890",0,"42,879,200,000"
KOSDAQ,036890,JINSUNG,Machinery,"7,830",30,"176,036,158,440"
KOSDAQ,036560,YPPC,Machinery,"8,760",0,"137,970,000,000"
KOSDAQ,033540,Paratech,Machinery,"6,930",-120,"77,714,461,440"
KOSDAQ,013810,Speco,Machinery,"5,000",20,"69,093,950,000"
KOSDAQ,008830,DaedongGear,Machinery,"28,650",-150,"25,749,244,800"
KOSDAQ,203450,Union community,Electric n Electronics,"3,540",-15,"51,963,684,780"
KOSDAQ,189300,Intellian Tech,Electric n Electronics,"15,800",50,"113,208,738,000"
KOSDAQ,234920,Zaigle,Electric n Electronics,"8,010",-100,"108,382,589,100"
KOSDAQ,071460,DAYOU WINIA,Electric n Electronics,"4,285",5,"103,317,906,050"
KOSDAQ,237750,PNC Technologies,Electric n Electronics,"8,670",20,"56,325,522,000"
KOSDAQ,036010,ABEL,Electric n Electronics,"7,530",-10,"100,095,793,020"
KOSDAQ,236200,Suprema,Electric n Electronics,"19,900",-400,"140,897,432,700"
KOSDAQ,225650,Cuchen,Electric n Electronics,"10,850",-200,"115,946,105,450"
KOSDAQ,214430,i3system,Electric n Electronics,"42,800",-50,"144,424,320,000"
KOSDAQ,105550,TRUWIN,Electric n Electronics,"7,290",10,"70,434,988,560"
KOSDAQ,082850,WOOREE ETI,Electric n Electronics,"1,540",10,"63,938,676,340"
KOSDAQ,014470,Bubang,Electric n Electronics,"4,170",10,"197,213,853,300"
KOSDAQ,189860,SJEM,Electric n Electronics,"7,980",-10,"38,698,132,200"
KOSDAQ,177830,PAVONINE,Electric n Electronics,"5,100",-20,"54,627,487,200"
KOSDAQ,010170,TaihanFiberoptics,Electric n Electronics,"1,655",10,"77,722,230,815"
KOSDAQ,119850,GNCENERGY,Electric n Electronics,"8,930",-30,"73,767,854,540"
KOSDAQ,056730,Fourth-Link,Electric n Electronics,"6,490",-180,"59,591,167,020"
KOSDAQ,044340,WINIX,Electric n Electronics,"9,120",-80,"149,190,805,920"
KOSDAQ,131390,PNESolution,Electric n Electronics,"6,200",-80,"88,536,000,000"
KOSDAQ,111870,SAMBON P&E,Electric n Electronics,"16,150","-2,850","153,425,000,000"
KOSDAQ,045890,DONGBU LIGHTEC,Electric n Electronics,"1,930",10,"50,117,732,410"
KOSDAQ,066130,HAATZ,Electric n Electronics,"5,320",-40,"68,096,000,000"
KOSDAQ,065350,SSDELTATECH,Electric n Electronics,"3,075",-35,"63,208,325,475"
KOSDAQ,042110,SCD,Electric n Electronics,"2,020",0,"97,625,719,280"
KOSDAQ,037070,PASECO,Electric n Electronics,"5,370",-20,"70,884,000,000"
KOSDAQ,071280,RORZE,Electric n Electronics,"11,650",-150,"95,814,283,300"
KOSDAQ,069510,ESTec,Electric n Electronics,"13,150",300,"143,466,500,000"
KOSDAQ,065710,Seoho,Electric n Electronics,"10,600",-50,"54,590,000,000"
KOSDAQ,027040,SET,Electric n Electronics,"1,335",-5,"80,823,086,730"
KOSDAQ,018290,Gmp,Electric n Electronics,"4,690",0,"81,754,771,490"
KOSDAQ,054220,VitzroSys,Electric n Electronics,"1,710",5,"68,877,308,880"
KOSDAQ,053160,Freems,Electric n Electronics,"7,700",290,"46,200,000,000"
KOSDAQ,048430,YURA TECH.,Electric n Electronics,"9,660",-300,"111,283,200,000"
KOSDAQ,042370,Vitzro Tech,Electric n Electronics,"5,420",30,"121,157,991,660"
KOSDAQ,037400,WOOREE LIGHTING,Electric n Electronics,"1,815",10,"45,235,872,990"
KOSDAQ,032820,"WooriTG, Inc.",Electric n Electronics,714,-9,"54,874,080,156"
KOSDAQ,032750,Samjin,Electric n Electronics,"7,390",-20,"44,340,000,000"
KOSDAQ,032540,TJ MEDIA,Electric n Electronics,"4,800",0,"66,871,723,200"
KOSDAQ,025440,DAESUNGELTEC,Electric n Electronics,"1,155",-5,"114,474,530,940"
KOSDAQ,017250,Interm,Electric n Electronics,"4,980",565,"104,806,425,660"
KOSDAQ,08537M,Lutronic(3PC),Medical n Precision Machines,"29,950",50,"50,946,956,650"
KOSDAQ,147760,Micro Friend,Medical n Precision Machines,"8,440",430,"89,813,129,040"
KOSDAQ,214680,DRTECH,Medical n Precision Machines,"1,905",-15,"77,114,102,820"
KOSDAQ,156100,L&K BIOMED,Medical n Precision Machines,"7,370",-190,"73,157,287,940"
KOSDAQ,238120,LogosBio,Medical n Precision Machines,"13,100",250,"46,658,584,400"
KOSDAQ,208370,SELVAS Healthcare,Medical n Precision Machines,"5,430",70,"68,663,864,970"
KOSDAQ,228850,RAYENCE,Medical n Precision Machines,"18,700",0,"310,251,961,800"
KOSDAQ,140860,Park Systems,Medical n Precision Machines,"17,850",-50,"116,513,286,750"
KOSDAQ,058110,MEKICS,Medical n Precision Machines,"7,100",-120,"38,066,650,000"
KOSDAQ,056090,U&I,Medical n Precision Machines,"14,850",-450,"114,012,983,700"
KOSDAQ,149980,Hironic,Medical n Precision Machines,"6,190",-40,"87,246,471,550"
KOSDAQ,041920,MEDIANA,Medical n Precision Machines,"13,500",-250,"116,781,696,000"
KOSDAQ,196450,ONDA Entertainment,Medical n Precision Machines,"2,680",0,"59,363,171,160"
KOSDAQ,150840,IntroMedic,Medical n Precision Machines,"7,200",320,"51,855,681,600"
KOSDAQ,046210,PANAGENE,Medical n Precision Machines,"6,810",-180,"202,139,323,200"
KOSDAQ,104540,Corentec,Medical n Precision Machines,"13,150",0,"128,793,111,950"
KOSDAQ,099190,i-SENS,Medical n Precision Machines,"28,850",-250,"395,846,753,300"
KOSDAQ,106520,Digital Optics,Medical n Precision Machines,"3,980",-25,"82,284,971,680"
KOSDAQ,002230,PSTEC,Medical n Precision Machines,"5,300",30,"99,408,824,600"
KOSDAQ,126700,HyVISION,Medical n Precision Machines,"8,830",160,"131,938,848,960"
KOSDAQ,115480,CU MEDICAL,Medical n Precision Machines,"3,300",65,"47,500,533,300"
KOSDAQ,043290,K-MAC,Medical n Precision Machines,"20,700",-600,"141,546,910,500"
KOSDAQ,137940,NextEye,Medical n Precision Machines,"21,700",500,"259,727,386,800"
KOSDAQ,078650,KOLEN,Medical n Precision Machines,"4,840",-10,"66,914,684,320"
KOSDAQ,119610,INTEROJO,Medical n Precision Machines,"37,100",600,"399,789,600,000"
KOSDAQ,100120,Vieworks,Medical n Precision Machines,"62,900",100,"629,117,308,500"
KOSDAQ,039860,NanoenTek,Medical n Precision Machines,"4,905",-15,"119,870,047,890"
KOSDAQ,039840,DIO,Medical n Precision Machines,"28,950",-100,"439,212,116,850"
KOSDAQ,057540,Omnisystem,Medical n Precision Machines,"2,250",-75,"91,527,783,750"
KOSDAQ,048260,OSSTEMIMPLANT,Medical n Precision Machines,"57,600","-1,400","822,857,299,200"
KOSDAQ,043150,VATECH,Medical n Precision Machines,"27,900",-350,"414,433,742,400"
KOSDAQ,085370,Lutronic,Medical n Precision Machines,"29,500",0,"321,639,709,500"
KOSDAQ,006140,PJ Electro,Medical n Precision Machines,"7,860",30,"78,600,000,000"
KOSDAQ,065510,Huvitz,Medical n Precision Machines,"13,900",-100,"165,137,156,900"
KOSDAQ,065450,VICTEK,Medical n Precision Machines,"3,330",45,"81,585,000,000"
KOSDAQ,053450,SEKONIX,Medical n Precision Machines,"15,900",-100,"173,722,096,200"
KOSDAQ,049430,KOMELON,Medical n Precision Machines,"11,250",-250,"101,790,000,000"
KOSDAQ,043100,SOLCO,Medical n Precision Machines,920,-5,"110,147,722,200"
KOSDAQ,041830,InBody,Medical n Precision Machines,"23,700",600,"324,305,633,400"
KOSDAQ,033110,ED,Medical n Precision Machines,"3,840",160,"125,799,463,680"
KOSDAQ,241690,UNITEKNO,Vehicles n Components,"19,500",-200,"116,293,320,000"
KOSDAQ,085910,NEOTIS,Vehicles n Components,"5,130",-10,"56,500,168,140"
KOSDAQ,040610,SG&G,Vehicles n Components,"4,275",50,"145,722,762,900"
KOSDAQ,013310,A-JIN INDUSTRY,Vehicles n Components,"10,300",100,"133,431,308,800"
KOSDAQ,221840,HIZEAERO,Vehicles n Components,"6,700",-60,"118,564,318,900"
KOSDAQ,212560,NEOOTO,Vehicles n Components,"6,450",-120,"50,793,511,350"
KOSDAQ,215360,W.I.C,Vehicles n Components,"23,300",-950,"212,779,397,900"
KOSDAQ,028300,HLB,Vehicles n Components,"14,900",-200,"535,115,754,100"
KOSDAQ,067390,ASTK,Vehicles n Components,"16,000",-150,"230,771,824,000"
KOSDAQ,071850,CTK,Vehicles n Components,"5,870",-20,"72,630,032,430"
KOSDAQ,170030,HDI21,Vehicles n Components,"5,120",10,"78,540,800,000"
KOSDAQ,067570,NVH,Vehicles n Components,"3,760",5,"107,995,554,720"
KOSDAQ,113810,Dgenx,Vehicles n Components,"2,845",185,"61,524,410,940"
KOSDAQ,080440,SEJIN ELECTRON,Vehicles n Components,"1,185",-15,"34,896,068,415"
KOSDAQ,122690,SAC,Vehicles n Components,"4,595",95,"73,669,222,625"
KOSDAQ,122350,SAMKEE,Vehicles n Components,"3,130",10,"96,489,311,280"
KOSDAQ,123410,KFTC,Vehicles n Components,"4,810",5,"133,915,517,840"
KOSDAQ,123750,Alton Sports,Vehicles n Components,"5,820",180,"74,183,448,540"
KOSDAQ,126640,HWASHIN PRECISION,Vehicles n Components,"1,760",15,"64,018,041,120"
KOSDAQ,134780,HJIN,Vehicles n Components,"6,270",50,"77,309,100,000"
KOSDAQ,108380,DAYANG,Vehicles n Components,"14,550",-400,"139,204,695,150"
KOSDAQ,104040,Daesung Fine Tec,Vehicles n Components,"2,355",0,"66,418,929,285"
KOSDAQ,054180,ChoongAng Ocean,Vehicles n Components,"1,855",-60,"40,550,300,000"
KOSDAQ,053700,SAMBO MOTORS,Vehicles n Components,"5,850",-60,"71,246,769,750"
KOSDAQ,130740,TPC Global,Vehicles n Components,"3,920",-125,"37,044,000,000"
KOSDAQ,101930,Inhwa Precision,Vehicles n Components,"4,520",20,"42,179,306,600"
KOSDAQ,123040,"MS AUTOTECH CO., LTD",Vehicles n Components,"5,630",-210,"81,898,472,740"
KOSDAQ,088290,EWON COMFORT,Vehicles n Components,"2,860",10,"35,831,993,340"
KOSDAQ,099410,DBSM,Vehicles n Components,"2,520",55,"34,123,325,040"
KOSDAQ,102210,Haeduk Powerway,Vehicles n Components,"5,520",0,"56,157,637,200"
KOSDAQ,064820,CAPEind,Vehicles n Components,"3,090",10,"57,224,488,680"
KOSDAQ,092460,HANLA IMS,Vehicles n Components,"8,000",0,"80,783,904,000"
KOSDAQ,033600,EZEN TECH,Vehicles n Components,"1,915",0,"22,022,500,000"
KOSDAQ,080470,SCAutotech,Vehicles n Components,"4,520",20,"32,996,000,000"
KOSDAQ,090150,KWANGJIN,Vehicles n Components,"4,535",-245,"43,800,812,255"
KOSDAQ,078590,DUAL,Vehicles n Components,"3,705",10,"47,702,875,350"
KOSDAQ,073070,NEXENTECH,Vehicles n Components,"3,970",-10,"57,565,000,000"
KOSDAQ,067170,Autech,Vehicles n Components,"10,000",230,"138,040,650,000"
KOSDAQ,072470,W.I.H.C,Vehicles n Components,"6,800",-70,"128,433,918,800"
KOSDAQ,066590,WSA,Vehicles n Components,"3,600",100,"84,940,556,400"
KOSDAQ,065500,Orient Precision Industries,Vehicles n Components,926,9,"48,284,998,602"
KOSDAQ,053270,G.Y.TECH,Vehicles n Components,"2,380",30,"47,110,134,120"
KOSDAQ,053060,SAE DONG,Vehicles n Components,"1,985",-5,"26,735,647,400"
KOSDAQ,046070,KODACO,Vehicles n Components,"3,135",10,"113,935,831,680"
KOSDAQ,043370,PHA,Vehicles n Components,"14,800",350,"310,800,000,000"
KOSDAQ,038110,ECOPLASTIC,Vehicles n Components,"2,505",-20,"56,854,476,990"
KOSDAQ,031510,AUSTEM,Vehicles n Components,"3,435",-10,"89,310,000,000"
KOSDAQ,024910,Kyungchang,Vehicles n Components,"5,080",50,"89,204,800,000"
KOSDAQ,024830,SewonCorp,Vehicles n Components,"8,040",50,"67,134,000,000"
KOSDAQ,024740,HanilForging,Vehicles n Components,"2,850",5,"42,075,607,350"
KOSDAQ,024120,KBA,Vehicles n Components,"8,230",0,"94,645,000,000"
KOSDAQ,019540,IljiTech,Vehicles n Components,"7,090",-10,"95,810,715,000"
KOSDAQ,015750,SW HITECH,Vehicles n Components,"7,710",30,"462,600,000,000"
KOSDAQ,014940,OPCO,Vehicles n Components,"1,560",-10,"63,251,697,600"
KOSDAQ,014200,KANGLIM,Vehicles n Components,"6,090",60,"295,355,779,740"
KOSDAQ,013720,CheongboInd,Vehicles n Components,"3,880",50,"30,904,572,480"
KOSDAQ,012860,SEOYON ELECTRONICS,Vehicles n Components,"2,980",-20,"80,460,000,000"
KOSDAQ,011320,UNICK,Vehicles n Components,"3,415",0,"65,980,173,425"
KOSDAQ,005710,Daewonsanup,Vehicles n Components,"8,220",-100,"149,735,520,000"
KOSDAQ,194610,WOOSUNG I.B.,Other Manufacturing,"2,690",55,"38,690,544,380"
KOSDAQ,043710,SEOULEAGUER,Other Manufacturing,"4,690",580,"99,030,794,520"
KOSDAQ,026040,J.ESTINA,Other Manufacturing,"8,440",-60,"139,291,987,600"
KOSDAQ,066910,SONOKONG,Other Manufacturing,"6,030",30,"132,033,850,830"
KOSDAQ,073190,DBK,Other Manufacturing,"3,150",50,"37,699,326,000"
KOSDAQ,004590,KoreaFurni,Other Manufacturing,"43,800",-300,"65,700,000,000"
KOSDAQ,003800,AceBed,Other Manufacturing,"157,200","1,500","348,669,600,000"